-- MySQL dump 10.13  Distrib 8.0.38, for Win64 (x86_64)
--
-- Host: 127.0.0.1    Database: bank
-- ------------------------------------------------------
-- Server version	8.0.39

/*!40101 SET @OLD_CHARACTER_SET_CLIENT=@@CHARACTER_SET_CLIENT */;
/*!40101 SET @OLD_CHARACTER_SET_RESULTS=@@CHARACTER_SET_RESULTS */;
/*!40101 SET @OLD_COLLATION_CONNECTION=@@COLLATION_CONNECTION */;
/*!50503 SET NAMES utf8 */;
/*!40103 SET @OLD_TIME_ZONE=@@TIME_ZONE */;
/*!40103 SET TIME_ZONE='+00:00' */;
/*!40014 SET @OLD_UNIQUE_CHECKS=@@UNIQUE_CHECKS, UNIQUE_CHECKS=0 */;
/*!40014 SET @OLD_FOREIGN_KEY_CHECKS=@@FOREIGN_KEY_CHECKS, FOREIGN_KEY_CHECKS=0 */;
/*!40101 SET @OLD_SQL_MODE=@@SQL_MODE, SQL_MODE='NO_AUTO_VALUE_ON_ZERO' */;
/*!40111 SET @OLD_SQL_NOTES=@@SQL_NOTES, SQL_NOTES=0 */;

--
-- Table structure for table `class`
--

DROP TABLE IF EXISTS `class`;
/*!40101 SET @saved_cs_client     = @@character_set_client */;
/*!50503 SET character_set_client = utf8mb4 */;
CREATE TABLE `class` (
  `Loan_ID` text,
  `customer_id` text,
  `ApplicantIncome` int DEFAULT NULL,
  `CoapplicantIncome` int DEFAULT NULL,
  `Property_Area` text,
  `Loan_Status` text,
  `criteria` varchar(21) NOT NULL DEFAULT ''
) ENGINE=InnoDB DEFAULT CHARSET=utf8mb4 COLLATE=utf8mb4_0900_ai_ci;
/*!40101 SET character_set_client = @saved_cs_client */;

--
-- Dumping data for table `class`
--

LOCK TABLES `class` WRITE;
/*!40000 ALTER TABLE `class` DISABLE KEYS */;
INSERT INTO `class` VALUES ('LP001002','IP43001',5849,0,'Urban','Y','Middle class customer'),('LP001003','IP43002',4583,1508,'Rural','N','low class'),('LP001005','IP43003',3000,0,'Urban','Y','low class'),('LP001006','IP43004',2583,2358,'Urban','Y','low class'),('LP001008','IP43005',6000,0,'Urban','Y','Middle class customer'),('LP001011','IP43006',5417,4196,'Urban','Y','Middle class customer'),('LP001013','IP43007',2333,1516,'Urban','Y','low class'),('LP001014','IP43008',3036,2504,'Semiurban','N','low class'),('LP001018','IP43009',4006,1526,'Urban','Y','low class'),('LP001020','IP43010',12841,10968,'Semiurban','N','Grade-B'),('LP001024','IP43011',3200,700,'Urban','Y','low class'),('LP001027','IP43012',2500,1840,'Urban','Y','low class'),('LP001028','IP43013',3073,8106,'Urban','Y','low class'),('LP001029','IP43014',1853,2840,'Rural','N','low class'),('LP001030','IP43015',1299,1086,'Urban','Y','low class'),('LP001032','IP43016',4950,0,'Urban','Y','low class'),('LP001034','IP43017',3596,0,'Urban','Y','low class'),('LP001036','IP43018',3510,0,'Urban','N','low class'),('LP001038','IP43019',4887,0,'Rural','N','low class'),('LP001041','IP43020',2600,3500,'Urban','Y','low class'),('LP001043','IP43021',7660,0,'Urban','N','Middle class customer'),('LP001046','IP43022',5955,5625,'Urban','Y','Middle class customer'),('LP001047','IP43023',2600,1911,'Semiurban','N','low class'),('LP001050','IP43024',3365,1917,'Rural','N','low class'),('LP001052','IP43025',3717,2925,'Semiurban','N','low class'),('LP001066','IP43026',9560,0,'Semiurban','Y','Grade-B'),('LP001068','IP43027',2799,2253,'Semiurban','Y','low class'),('LP001073','IP43028',4226,1040,'Urban','Y','low class'),('LP001086','IP43029',1442,0,'Urban','N','low class'),('LP001087','IP43030',3750,2083,'Semiurban','Y','low class'),('LP001091','IP43031',4166,3369,'Urban','N','low class'),('LP001095','IP43032',3167,0,'Urban','N','low class'),('LP001097','IP43033',4692,0,'Rural','N','low class'),('LP001098','IP43034',3500,1667,'Semiurban','Y','low class'),('LP001100','IP43035',12500,3000,'Rural','N','Grade-B'),('LP001106','IP43036',2275,2067,'Urban','Y','low class'),('LP001109','IP43037',1828,1330,'Urban','N','low class'),('LP001112','IP43038',3667,1459,'Semiurban','Y','low class'),('LP001114','IP43039',4166,7210,'Urban','Y','low class'),('LP001116','IP43040',3748,1668,'Semiurban','Y','low class'),('LP001119','IP43041',3600,0,'Urban','N','low class'),('LP001120','IP43042',1800,1213,'Urban','Y','low class'),('LP001123','IP43043',2400,0,'Urban','Y','low class'),('LP001131','IP43044',3941,2336,'Semiurban','Y','low class'),('LP001136','IP43045',4695,0,'Urban','Y','low class'),('LP001137','IP43046',3410,0,'Urban','Y','low class'),('LP001138','IP43047',5649,0,'Urban','Y','Middle class customer'),('LP001144','IP43048',5821,0,'Urban','Y','Middle class customer'),('LP001146','IP43049',2645,3440,'Urban','N','low class'),('LP001151','IP43050',4000,2275,'Semiurban','Y','low class'),('LP001155','IP43051',1928,1644,'Semiurban','Y','low class'),('LP001157','IP43052',3086,0,'Semiurban','Y','low class'),('LP001164','IP43053',4230,0,'Semiurban','N','low class'),('LP001179','IP43054',4616,0,'Urban','N','low class'),('LP001186','IP43055',11500,0,'Urban','N','Grade-B'),('LP001194','IP43056',2708,1167,'Semiurban','Y','low class'),('LP001195','IP43057',2132,1591,'Semiurban','Y','low class'),('LP001197','IP43058',3366,2200,'Rural','N','low class'),('LP001198','IP43059',8080,2250,'Urban','Y','Middle class customer'),('LP001199','IP43060',3357,2859,'Urban','Y','low class'),('LP001205','IP43061',2500,3796,'Urban','Y','low class'),('LP001206','IP43062',3029,0,'Urban','Y','low class'),('LP001207','IP43063',2609,3449,'Rural','N','low class'),('LP001213','IP43064',4945,0,'Rural','N','low class'),('LP001222','IP43065',4166,0,'Semiurban','N','low class'),('LP001225','IP43066',5726,4595,'Semiurban','N','Middle class customer'),('LP001228','IP43067',3200,2254,'Urban','N','low class'),('LP001233','IP43068',10750,0,'Urban','Y','Grade-B'),('LP001238','IP43069',7100,0,'Urban','Y','Middle class customer'),('LP001241','IP43070',4300,0,'Semiurban','N','low class'),('LP001243','IP43071',3208,3066,'Urban','Y','low class'),('LP001245','IP43072',1875,1875,'Semiurban','Y','low class'),('LP001248','IP43073',3500,0,'Semiurban','Y','low class'),('LP001250','IP43074',4755,0,'Semiurban','N','low class'),('LP001253','IP43075',5266,1774,'Semiurban','Y','Middle class customer'),('LP001255','IP43076',3750,0,'Urban','N','low class'),('LP001256','IP43077',3750,4750,'Urban','N','low class'),('LP001259','IP43078',1000,3022,'Urban','N','low class'),('LP001263','IP43079',3167,4000,'Semiurban','N','low class'),('LP001264','IP43080',3333,2166,'Semiurban','Y','low class'),('LP001265','IP43081',3846,0,'Semiurban','Y','low class'),('LP001266','IP43082',2395,0,'Semiurban','Y','low class'),('LP001267','IP43083',1378,1881,'Urban','N','low class'),('LP001273','IP43084',6000,2250,'Semiurban','N','Middle class customer'),('LP001275','IP43085',3988,0,'Urban','Y','low class'),('LP001279','IP43086',2366,2531,'Semiurban','Y','low class'),('LP001280','IP43087',3333,2000,'Semiurban','Y','low class'),('LP001282','IP43088',2500,2118,'Semiurban','Y','low class'),('LP001289','IP43089',8566,0,'Urban','Y','Middle class customer'),('LP001310','IP43090',5695,4167,'Semiurban','Y','Middle class customer'),('LP001316','IP43091',2958,2900,'Semiurban','Y','low class'),('LP001318','IP43092',6250,5654,'Semiurban','Y','Middle class customer'),('LP001319','IP43093',3273,1820,'Urban','Y','low class'),('LP001322','IP43094',4133,0,'Semiurban','Y','low class'),('LP001325','IP43095',3620,0,'Semiurban','Y','low class'),('LP001326','IP43096',6782,0,'Urban','N','Middle class customer'),('LP001327','IP43097',2484,2302,'Semiurban','Y','low class'),('LP001333','IP43098',1977,997,'Semiurban','Y','low class'),('LP001334','IP43099',4188,0,'Semiurban','Y','low class'),('LP001343','IP43100',1759,3541,'Semiurban','Y','low class'),('LP001345','IP43101',4288,3263,'Urban','Y','low class'),('LP001349','IP43102',4843,3806,'Semiurban','Y','low class'),('LP001350','IP43103',13650,0,'Urban','Y','Grade-B'),('LP001356','IP43104',4652,3583,'Semiurban','Y','low class'),('LP001357','IP43105',3816,754,'Urban','Y','low class'),('LP001367','IP43106',3052,1030,'Urban','Y','low class'),('LP001369','IP43107',11417,1126,'Urban','Y','Grade-B'),('LP001370','IP43108',7333,0,'Rural','N','Middle class customer'),('LP001379','IP43109',3800,3600,'Urban','N','low class'),('LP001384','IP43110',2071,754,'Semiurban','Y','low class'),('LP001385','IP43111',5316,0,'Urban','Y','Middle class customer'),('LP001387','IP43112',2929,2333,'Semiurban','Y','low class'),('LP001391','IP43113',3572,4114,'Rural','N','low class'),('LP001392','IP43114',7451,0,'Semiurban','Y','Middle class customer'),('LP001398','IP43115',5050,0,'Semiurban','Y','Middle class customer'),('LP001401','IP43116',14583,0,'Rural','Y','Grade-B'),('LP001404','IP43117',3167,2283,'Semiurban','Y','low class'),('LP001405','IP43118',2214,1398,'Urban','Y','low class'),('LP001421','IP43119',5568,2142,'Rural','N','Middle class customer'),('LP001422','IP43120',10408,0,'Urban','Y','Grade-B'),('LP001426','IP43121',5667,2667,'Rural','Y','Middle class customer'),('LP001430','IP43122',4166,0,'Semiurban','Y','low class'),('LP001431','IP43123',2137,8980,'Semiurban','Y','low class'),('LP001432','IP43124',2957,0,'Semiurban','Y','low class'),('LP001439','IP43125',4300,2014,'Rural','Y','low class'),('LP001443','IP43126',3692,0,'Rural','Y','low class'),('LP001448','IP43127',23803,0,'Rural','Y','Grade-A'),('LP001449','IP43128',3865,1640,'Rural','Y','low class'),('LP001451','IP43129',10513,3850,'Urban','N','Grade-B'),('LP001465','IP43130',6080,2569,'Rural','N','Middle class customer'),('LP001469','IP43131',20166,0,'Urban','Y','Grade-A'),('LP001473','IP43132',2014,1929,'Urban','Y','low class'),('LP001478','IP43133',2718,0,'Semiurban','Y','low class'),('LP001482','IP43134',3459,0,'Semiurban','Y','low class'),('LP001487','IP43135',4895,0,'Semiurban','Y','low class'),('LP001488','IP43136',4000,7750,'Semiurban','N','low class'),('LP001489','IP43137',4583,0,'Rural','N','low class'),('LP001491','IP43138',3316,3500,'Urban','Y','low class'),('LP001492','IP43139',14999,0,'Semiurban','N','Grade-B'),('LP001493','IP43140',4200,1430,'Rural','N','low class'),('LP001497','IP43141',5042,2083,'Rural','N','Middle class customer'),('LP001498','IP43142',5417,0,'Urban','Y','Middle class customer'),('LP001504','IP43143',6950,0,'Semiurban','Y','Middle class customer'),('LP001507','IP43144',2698,2034,'Semiurban','Y','low class'),('LP001508','IP43145',11757,0,'Urban','Y','Grade-B'),('LP001514','IP43146',2330,4486,'Semiurban','Y','low class'),('LP001516','IP43147',14866,0,'Urban','Y','Grade-B'),('LP001518','IP43148',1538,1425,'Urban','Y','low class'),('LP001519','IP43149',10000,1666,'Rural','N','Grade-B'),('LP001520','IP43150',4860,830,'Semiurban','Y','low class'),('LP001528','IP43151',6277,0,'Rural','N','Middle class customer'),('LP001529','IP43152',2577,3750,'Rural','Y','low class'),('LP001531','IP43153',9166,0,'Urban','N','Grade-B'),('LP001532','IP43154',2281,0,'Rural','N','low class'),('LP001535','IP43155',3254,0,'Urban','Y','low class'),('LP001536','IP43156',39999,0,'Semiurban','Y','Grade-A'),('LP001541','IP43157',6000,0,'Rural','Y','Middle class customer'),('LP001543','IP43158',9538,0,'Urban','Y','Grade-B'),('LP001546','IP43159',2980,2083,'Rural','Y','low class'),('LP001552','IP43160',4583,5625,'Semiurban','Y','low class'),('LP001560','IP43161',1863,1041,'Semiurban','Y','low class'),('LP001562','IP43162',7933,0,'Urban','N','Middle class customer'),('LP001565','IP43163',3089,1280,'Semiurban','N','low class'),('LP001570','IP43164',4167,1447,'Rural','Y','low class'),('LP001572','IP43165',9323,0,'Urban','Y','Grade-B'),('LP001574','IP43166',3707,3166,'Rural','Y','low class'),('LP001577','IP43167',4583,0,'Rural','N','low class'),('LP001578','IP43168',2439,3333,'Rural','Y','low class'),('LP001579','IP43169',2237,0,'Semiurban','N','low class'),('LP001580','IP43170',8000,0,'Semiurban','Y','Middle class customer'),('LP001581','IP43171',1820,1769,'Rural','Y','low class'),('LP001585','IP43172',51763,0,'Urban','Y','Grade-A'),('LP001586','IP43173',3522,0,'Rural','N','low class'),('LP001594','IP43174',5708,5625,'Semiurban','Y','Middle class customer'),('LP001603','IP43175',4344,736,'Semiurban','N','low class'),('LP001606','IP43176',3497,1964,'Rural','Y','low class'),('LP001608','IP43177',2045,1619,'Rural','Y','low class'),('LP001610','IP43178',5516,11300,'Semiurban','N','Middle class customer'),('LP001616','IP43179',3750,0,'Semiurban','Y','low class'),('LP001630','IP43180',2333,1451,'Urban','N','low class'),('LP001633','IP43181',6400,7250,'Urban','N','Middle class customer'),('LP001634','IP43182',1916,5063,'Rural','N','low class'),('LP001636','IP43183',4600,0,'Semiurban','Y','low class'),('LP001637','IP43184',33846,0,'Semiurban','N','Grade-A'),('LP001639','IP43185',3625,0,'Semiurban','Y','low class'),('LP001640','IP43186',39147,4750,'Semiurban','Y','Grade-A'),('LP001641','IP43187',2178,0,'Rural','N','low class'),('LP001643','IP43188',2383,2138,'Rural','Y','low class'),('LP001644','IP43189',674,5296,'Rural','Y','low class'),('LP001647','IP43190',9328,0,'Rural','Y','Grade-B'),('LP001653','IP43191',4885,0,'Rural','Y','low class'),('LP001656','IP43192',12000,0,'Semiurban','N','Grade-B'),('LP001657','IP43193',6033,0,'Urban','N','Middle class customer'),('LP001658','IP43194',3858,0,'Semiurban','Y','low class'),('LP001664','IP43195',4191,0,'Rural','Y','low class'),('LP001665','IP43196',3125,2583,'Semiurban','N','low class'),('LP001666','IP43197',8333,3750,'Rural','Y','Middle class customer'),('LP001669','IP43198',1907,2365,'Urban','Y','low class'),('LP001671','IP43199',3416,2816,'Semiurban','Y','low class'),('LP001673','IP43200',11000,0,'Urban','N','Grade-B'),('LP001674','IP43201',2600,2500,'Semiurban','Y','low class'),('LP001677','IP43202',4923,0,'Semiurban','Y','low class'),('LP001682','IP43203',3992,0,'Urban','N','low class'),('LP001688','IP43204',3500,1083,'Urban','Y','low class'),('LP001691','IP43205',3917,0,'Semiurban','Y','low class'),('LP001692','IP43206',4408,0,'Semiurban','Y','low class'),('LP001693','IP43207',3244,0,'Urban','Y','low class'),('LP001698','IP43208',3975,2531,'Rural','Y','low class'),('LP001699','IP43209',2479,0,'Urban','Y','low class'),('LP001702','IP43210',3418,0,'Semiurban','N','low class'),('LP001708','IP43211',10000,0,'Semiurban','N','Grade-B'),('LP001711','IP43212',3430,1250,'Semiurban','N','low class'),('LP001713','IP43213',7787,0,'Urban','Y','Middle class customer'),('LP001715','IP43214',5703,0,'Rural','Y','Middle class customer'),('LP001716','IP43215',3173,3021,'Urban','Y','low class'),('LP001720','IP43216',3850,983,'Semiurban','Y','low class'),('LP001722','IP43217',150,1800,'Rural','N','low class'),('LP001726','IP43218',3727,1775,'Semiurban','Y','low class'),('LP001732','IP43219',5000,0,'Semiurban','N','low class'),('LP001734','IP43220',4283,2383,'Semiurban','Y','low class'),('LP001736','IP43221',2221,0,'Urban','N','low class'),('LP001743','IP43222',4009,1717,'Semiurban','Y','low class'),('LP001744','IP43223',2971,2791,'Semiurban','Y','low class'),('LP001749','IP43224',7578,1010,'Semiurban','Y','Middle class customer'),('LP001750','IP43225',6250,0,'Semiurban','Y','Middle class customer'),('LP001751','IP43226',3250,0,'Rural','N','low class'),('LP001754','IP43227',4735,0,'Urban','N','low class'),('LP001758','IP43228',6250,1695,'Semiurban','Y','Middle class customer'),('LP001760','IP43229',4758,0,'Semiurban','Y','low class'),('LP001761','IP43230',6400,0,'Rural','Y','Middle class customer'),('LP001765','IP43231',2491,2054,'Semiurban','Y','low class'),('LP001768','IP43232',3716,0,'Rural','Y','low class'),('LP001770','IP43233',3189,2598,'Rural','Y','low class'),('LP001776','IP43234',8333,0,'Semiurban','Y','Middle class customer'),('LP001778','IP43235',3155,1779,'Semiurban','Y','low class'),('LP001784','IP43236',5500,1260,'Rural','Y','Middle class customer'),('LP001786','IP43237',5746,0,'Urban','N','Middle class customer'),('LP001788','IP43238',3463,0,'Urban','Y','low class'),('LP001790','IP43239',3812,0,'Rural','Y','low class'),('LP001792','IP43240',3315,0,'Semiurban','Y','low class'),('LP001798','IP43241',5819,5000,'Rural','Y','Middle class customer'),('LP001800','IP43242',2510,1983,'Urban','N','low class'),('LP001806','IP43243',2965,5701,'Urban','Y','low class'),('LP001807','IP43244',6250,1300,'Rural','Y','Middle class customer'),('LP001811','IP43245',3406,4417,'Semiurban','Y','low class'),('LP001813','IP43246',6050,4333,'Urban','N','Middle class customer'),('LP001814','IP43247',9703,0,'Urban','Y','Grade-B'),('LP001819','IP43248',6608,0,'Urban','Y','Middle class customer'),('LP001824','IP43249',2882,1843,'Semiurban','Y','low class'),('LP001825','IP43250',1809,1868,'Urban','Y','low class'),('LP001835','IP43251',1668,3890,'Semiurban','N','low class'),('LP001836','IP43252',3427,0,'Urban','N','low class'),('LP001841','IP43253',2583,2167,'Rural','Y','low class'),('LP001843','IP43254',2661,7101,'Semiurban','Y','low class'),('LP001844','IP43255',16250,0,'Urban','N','Grade-A'),('LP001846','IP43256',3083,0,'Rural','Y','low class'),('LP001849','IP43257',6045,0,'Rural','N','Middle class customer'),('LP001854','IP43258',5250,0,'Urban','N','Middle class customer'),('LP001859','IP43259',14683,2100,'Rural','N','Grade-B'),('LP001864','IP43260',4931,0,'Semiurban','N','low class'),('LP001865','IP43261',6083,4250,'Urban','Y','Middle class customer'),('LP001868','IP43262',2060,2209,'Semiurban','Y','low class'),('LP001870','IP43263',3481,0,'Semiurban','N','low class'),('LP001871','IP43264',7200,0,'Rural','Y','Middle class customer'),('LP001872','IP43265',5166,0,'Semiurban','Y','Middle class customer'),('LP001875','IP43266',4095,3447,'Rural','Y','low class'),('LP001877','IP43267',4708,1387,'Semiurban','Y','low class'),('LP001882','IP43268',4333,1811,'Urban','Y','low class'),('LP001883','IP43269',3418,0,'Rural','N','low class'),('LP001884','IP43270',2876,1560,'Urban','Y','low class'),('LP001888','IP43271',3237,0,'Urban','Y','low class'),('LP001891','IP43272',11146,0,'Urban','Y','Grade-B'),('LP001892','IP43273',2833,1857,'Rural','Y','low class'),('LP001894','IP43274',2620,2223,'Semiurban','Y','low class'),('LP001896','IP43275',3900,0,'Semiurban','Y','low class'),('LP001900','IP43276',2750,1842,'Semiurban','Y','low class'),('LP001903','IP43277',3993,3274,'Semiurban','Y','low class'),('LP001904','IP43278',3103,1300,'Urban','Y','low class'),('LP001907','IP43279',14583,0,'Semiurban','Y','Grade-B'),('LP001908','IP43280',4100,0,'Rural','Y','low class'),('LP001910','IP43281',4053,2426,'Urban','N','low class'),('LP001914','IP43282',3927,800,'Semiurban','Y','low class'),('LP001915','IP43283',2301,986,'Urban','Y','low class'),('LP001917','IP43284',1811,1666,'Urban','Y','low class'),('LP001922','IP43285',20667,0,'Rural','N','Grade-A'),('LP001924','IP43286',3158,3053,'Rural','Y','low class'),('LP001925','IP43287',2600,1717,'Semiurban','N','low class'),('LP001926','IP43288',3704,2000,'Rural','Y','low class'),('LP001931','IP43289',4124,0,'Semiurban','Y','low class'),('LP001935','IP43290',9508,0,'Rural','Y','Grade-B'),('LP001936','IP43291',3075,2416,'Rural','Y','low class'),('LP001938','IP43292',4400,0,'Semiurban','N','low class'),('LP001940','IP43293',3153,1560,'Urban','Y','low class'),('LP001945','IP43294',5417,0,'Urban','N','Middle class customer'),('LP001947','IP43295',2383,3334,'Semiurban','Y','low class'),('LP001949','IP43296',4416,1250,'Urban','Y','low class'),('LP001953','IP43297',6875,0,'Semiurban','Y','Middle class customer'),('LP001954','IP43298',4666,0,'Urban','Y','low class'),('LP001955','IP43299',5000,2541,'Rural','N','low class'),('LP001963','IP43300',2014,2925,'Urban','N','low class'),('LP001964','IP43301',1800,2934,'Urban','N','low class'),('LP001972','IP43302',2875,1750,'Semiurban','Y','low class'),('LP001974','IP43303',5000,0,'Rural','Y','low class'),('LP001977','IP43304',1625,1803,'Urban','Y','low class'),('LP001978','IP43305',4000,2500,'Rural','Y','low class'),('LP001990','IP43306',2000,0,'Urban','N','low class'),('LP001993','IP43307',3762,1666,'Rural','Y','low class'),('LP001994','IP43308',2400,1863,'Urban','N','low class'),('LP001996','IP43309',20233,0,'Rural','N','Grade-A'),('LP001998','IP43310',7667,0,'Rural','Y','Middle class customer'),('LP002002','IP43311',2917,0,'Semiurban','Y','low class'),('LP002004','IP43312',2927,2405,'Semiurban','Y','low class'),('LP002006','IP43313',2507,0,'Rural','Y','low class'),('LP002008','IP43314',5746,0,'Rural','Y','Middle class customer'),('LP002024','IP43315',2473,1843,'Rural','N','low class'),('LP002031','IP43316',3399,1640,'Urban','Y','low class'),('LP002035','IP43317',3717,0,'Semiurban','Y','low class'),('LP002036','IP43318',2058,2134,'Urban','Y','low class'),('LP002043','IP43319',3541,0,'Semiurban','Y','low class'),('LP002050','IP43320',10000,0,'Rural','N','Grade-B'),('LP002051','IP43321',2400,2167,'Semiurban','Y','low class'),('LP002053','IP43322',4342,189,'Semiurban','Y','low class'),('LP002054','IP43323',3601,1590,'Rural','Y','low class'),('LP002055','IP43324',3166,2985,'Rural','Y','low class'),('LP002065','IP43325',15000,0,'Rural','Y','Grade-B'),('LP002067','IP43326',8666,4983,'Rural','N','Middle class customer'),('LP002068','IP43327',4917,0,'Rural','Y','low class'),('LP002082','IP43328',5818,2160,'Semiurban','Y','Middle class customer'),('LP002086','IP43329',4333,2451,'Urban','N','low class'),('LP002087','IP43330',2500,0,'Urban','Y','low class'),('LP002097','IP43331',4384,1793,'Urban','Y','low class'),('LP002098','IP43332',2935,0,'Semiurban','Y','low class'),('LP002100','IP43333',2833,0,'Urban','Y','low class'),('LP002101','IP43334',63337,0,'Urban','Y','Grade-A'),('LP002103','IP43335',9833,1833,'Urban','Y','Grade-B'),('LP002106','IP43336',5503,4490,'Semiurban','Y','Middle class customer'),('LP002110','IP43337',5250,688,'Rural','Y','Middle class customer'),('LP002112','IP43338',2500,4600,'Rural','Y','low class'),('LP002113','IP43339',1830,0,'Urban','N','low class'),('LP002114','IP43340',4160,0,'Semiurban','Y','low class'),('LP002115','IP43341',2647,1587,'Rural','N','low class'),('LP002116','IP43342',2378,0,'Rural','N','low class'),('LP002119','IP43343',4554,1229,'Urban','Y','low class'),('LP002126','IP43344',3173,0,'Semiurban','Y','low class'),('LP002128','IP43345',2583,2330,'Rural','Y','low class'),('LP002129','IP43346',2499,2458,'Semiurban','Y','low class'),('LP002130','IP43347',3523,3230,'Rural','N','low class'),('LP002131','IP43348',3083,2168,'Urban','Y','low class'),('LP002137','IP43349',6333,4583,'Semiurban','Y','Middle class customer'),('LP002138','IP43350',2625,6250,'Rural','Y','low class'),('LP002139','IP43351',9083,0,'Semiurban','Y','Grade-B'),('LP002140','IP43352',8750,4167,'Rural','N','Middle class customer'),('LP002141','IP43353',2666,2083,'Rural','Y','low class'),('LP002142','IP43354',5500,0,'Rural','N','Middle class customer'),('LP002143','IP43355',2423,505,'Semiurban','Y','low class'),('LP002144','IP43356',3813,0,'Urban','Y','low class'),('LP002149','IP43357',8333,3167,'Rural','Y','Middle class customer'),('LP002151','IP43358',3875,0,'Urban','N','low class'),('LP002158','IP43359',3000,1666,'Urban','N','low class'),('LP002160','IP43360',5167,3167,'Semiurban','Y','Middle class customer'),('LP002161','IP43361',4723,0,'Semiurban','N','low class'),('LP002170','IP43362',5000,3667,'Semiurban','Y','low class'),('LP002175','IP43363',4750,2333,'Urban','Y','low class'),('LP002178','IP43364',3013,3033,'Urban','Y','low class'),('LP002180','IP43365',6822,0,'Rural','Y','Middle class customer'),('LP002181','IP43366',6216,0,'Rural','N','Middle class customer'),('LP002187','IP43367',2500,0,'Semiurban','N','low class'),('LP002188','IP43368',5124,0,'Rural','N','Middle class customer'),('LP002190','IP43369',6325,0,'Semiurban','Y','Middle class customer'),('LP002191','IP43370',19730,5266,'Rural','N','Grade-A'),('LP002194','IP43371',15759,0,'Semiurban','Y','Grade-A'),('LP002197','IP43372',5185,0,'Semiurban','Y','Middle class customer'),('LP002201','IP43373',9323,7873,'Rural','Y','Grade-B'),('LP002205','IP43374',3062,1987,'Urban','N','low class'),('LP002209','IP43375',2764,1459,'Urban','Y','low class'),('LP002211','IP43376',4817,923,'Urban','Y','low class'),('LP002219','IP43377',8750,4996,'Rural','Y','Middle class customer'),('LP002223','IP43378',4310,0,'Semiurban','Y','low class'),('LP002224','IP43379',3069,0,'Urban','N','low class'),('LP002225','IP43380',5391,0,'Urban','Y','Middle class customer'),('LP002226','IP43381',3333,2500,'Semiurban','Y','low class'),('LP002229','IP43382',5941,4232,'Semiurban','Y','Middle class customer'),('LP002231','IP43383',6000,0,'Urban','Y','Middle class customer'),('LP002234','IP43384',7167,0,'Urban','Y','Middle class customer'),('LP002236','IP43385',4566,0,'Urban','N','low class'),('LP002237','IP43386',3667,0,'Urban','Y','low class'),('LP002239','IP43387',2346,1600,'Semiurban','Y','low class'),('LP002243','IP43388',3010,3136,'Urban','N','low class'),('LP002244','IP43389',2333,2417,'Urban','Y','low class'),('LP002250','IP43390',5488,0,'Rural','Y','Middle class customer'),('LP002255','IP43391',9167,0,'Rural','Y','Grade-B'),('LP002262','IP43392',9504,0,'Rural','Y','Grade-B'),('LP002263','IP43393',2583,2115,'Urban','Y','low class'),('LP002265','IP43394',1993,1625,'Semiurban','Y','low class'),('LP002266','IP43395',3100,1400,'Urban','Y','low class'),('LP002272','IP43396',3276,484,'Semiurban','Y','low class'),('LP002277','IP43397',3180,0,'Urban','N','low class'),('LP002281','IP43398',3033,1459,'Urban','Y','low class'),('LP002284','IP43399',3902,1666,'Rural','Y','low class'),('LP002287','IP43400',1500,1800,'Semiurban','N','low class'),('LP002288','IP43401',2889,0,'Urban','N','low class'),('LP002296','IP43402',2755,0,'Rural','N','low class'),('LP002297','IP43403',2500,20000,'Semiurban','Y','low class'),('LP002300','IP43404',1963,0,'Semiurban','Y','low class'),('LP002301','IP43405',7441,0,'Rural','N','Middle class customer'),('LP002305','IP43406',4547,0,'Semiurban','Y','low class'),('LP002308','IP43407',2167,2400,'Urban','Y','low class'),('LP002314','IP43408',2213,0,'Rural','Y','low class'),('LP002315','IP43409',8300,0,'Semiurban','N','Middle class customer'),('LP002317','IP43410',81000,0,'Rural','N','Grade-A'),('LP002318','IP43411',3867,0,'Semiurban','N','low class'),('LP002319','IP43412',6256,0,'Urban','Y','Middle class customer'),('LP002328','IP43413',6096,0,'Rural','N','Middle class customer'),('LP002332','IP43414',2253,2033,'Rural','Y','low class'),('LP002335','IP43415',2149,3237,'Semiurban','N','low class'),('LP002337','IP43416',2995,0,'Urban','Y','low class'),('LP002341','IP43417',2600,0,'Urban','N','low class'),('LP002342','IP43418',1600,20000,'Urban','N','low class'),('LP002345','IP43419',1025,2773,'Rural','Y','low class'),('LP002347','IP43420',3246,1417,'Semiurban','Y','low class'),('LP002348','IP43421',5829,0,'Rural','Y','Middle class customer'),('LP002357','IP43422',2720,0,'Urban','N','low class'),('LP002361','IP43423',1820,1719,'Urban','Y','low class'),('LP002362','IP43424',7250,1667,'Urban','N','Middle class customer'),('LP002364','IP43425',14880,0,'Semiurban','Y','Grade-B'),('LP002366','IP43426',2666,4300,'Rural','Y','low class'),('LP002367','IP43427',4606,0,'Rural','N','low class'),('LP002368','IP43428',5935,0,'Semiurban','Y','Middle class customer'),('LP002369','IP43429',2920,16,'Rural','Y','low class'),('LP002370','IP43430',2717,0,'Urban','Y','low class'),('LP002377','IP43431',8624,0,'Semiurban','Y','Middle class customer'),('LP002379','IP43432',6500,0,'Rural','N','Middle class customer'),('LP002386','IP43433',12876,0,'Semiurban','Y','Grade-B'),('LP002387','IP43434',2425,2340,'Semiurban','Y','low class'),('LP002390','IP43435',3750,0,'Urban','Y','low class'),('LP002393','IP43436',10047,0,'Semiurban','Y','Grade-B'),('LP002398','IP43437',1926,1851,'Semiurban','Y','low class'),('LP002401','IP43438',2213,1125,'Urban','Y','low class'),('LP002403','IP43439',10416,0,'Urban','N','Grade-B'),('LP002407','IP43440',7142,0,'Rural','Y','Middle class customer'),('LP002408','IP43441',3660,5064,'Semiurban','Y','low class'),('LP002409','IP43442',7901,1833,'Rural','Y','Middle class customer'),('LP002418','IP43443',4707,1993,'Semiurban','Y','low class'),('LP002422','IP43444',37719,0,'Semiurban','Y','Grade-A'),('LP002424','IP43445',7333,8333,'Rural','Y','Middle class customer'),('LP002429','IP43446',3466,1210,'Rural','Y','low class'),('LP002434','IP43447',4652,0,'Rural','Y','low class'),('LP002435','IP43448',3539,1376,'Rural','N','low class'),('LP002443','IP43449',3340,1710,'Rural','N','low class'),('LP002444','IP43450',2769,1542,'Semiurban','N','low class'),('LP002446','IP43451',2309,1255,'Rural','N','low class'),('LP002447','IP43452',1958,1456,'Urban','Y','low class'),('LP002448','IP43453',3948,1733,'Rural','N','low class'),('LP002449','IP43454',2483,2466,'Rural','Y','low class'),('LP002453','IP43455',7085,0,'Semiurban','Y','Middle class customer'),('LP002455','IP43456',3859,0,'Semiurban','Y','low class'),('LP002459','IP43457',4301,0,'Urban','Y','low class'),('LP002467','IP43458',3708,2569,'Urban','N','low class'),('LP002472','IP43459',4354,0,'Rural','Y','low class'),('LP002473','IP43460',8334,0,'Semiurban','N','Middle class customer'),('LP002478','IP43461',2083,4083,'Semiurban','Y','low class'),('LP002484','IP43462',7740,0,'Urban','Y','Middle class customer'),('LP002487','IP43463',3015,2188,'Rural','Y','low class'),('LP002489','IP43464',5191,0,'Semiurban','Y','Middle class customer'),('LP002493','IP43465',4166,0,'Semiurban','N','low class'),('LP002494','IP43466',6000,0,'Rural','Y','Middle class customer'),('LP002500','IP43467',2947,1664,'Urban','N','low class'),('LP002501','IP43468',16692,0,'Semiurban','Y','Grade-A'),('LP002502','IP43469',210,2917,'Semiurban','Y','low class'),('LP002505','IP43470',4333,2451,'Urban','N','low class'),('LP002515','IP43471',3450,2079,'Semiurban','Y','low class'),('LP002517','IP43472',2653,1500,'Rural','N','low class'),('LP002519','IP43473',4691,0,'Semiurban','Y','low class'),('LP002522','IP43474',2500,0,'Urban','Y','low class'),('LP002524','IP43475',5532,4648,'Rural','Y','Middle class customer'),('LP002527','IP43476',16525,1014,'Rural','Y','Grade-A'),('LP002529','IP43477',6700,1750,'Semiurban','Y','Middle class customer'),('LP002530','IP43478',2873,1872,'Semiurban','N','low class'),('LP002531','IP43479',16667,2250,'Semiurban','Y','Grade-A'),('LP002533','IP43480',2947,1603,'Urban','N','low class'),('LP002534','IP43481',4350,0,'Rural','Y','low class'),('LP002536','IP43482',3095,0,'Rural','Y','low class'),('LP002537','IP43483',2083,3150,'Semiurban','Y','low class'),('LP002541','IP43484',10833,0,'Semiurban','Y','Grade-B'),('LP002543','IP43485',8333,0,'Semiurban','Y','Middle class customer'),('LP002544','IP43486',1958,2436,'Rural','Y','low class'),('LP002545','IP43487',3547,0,'Rural','N','low class'),('LP002547','IP43488',18333,0,'Urban','N','Grade-A'),('LP002555','IP43489',4583,2083,'Semiurban','Y','low class'),('LP002556','IP43490',2435,0,'Urban','N','low class'),('LP002560','IP43491',2699,2785,'Semiurban','Y','low class'),('LP002562','IP43492',5333,1131,'Urban','Y','Middle class customer'),('LP002571','IP43493',3691,0,'Rural','Y','low class'),('LP002582','IP43494',17263,0,'Semiurban','Y','Grade-A'),('LP002585','IP43495',3597,2157,'Rural','N','low class'),('LP002586','IP43496',3326,913,'Semiurban','Y','low class'),('LP002587','IP43497',2600,1700,'Rural','Y','low class'),('LP002588','IP43498',4625,2857,'Urban','Y','low class'),('LP002600','IP43499',2895,0,'Semiurban','Y','low class'),('LP002602','IP43500',6283,4416,'Rural','N','Middle class customer'),('LP002603','IP43501',645,3683,'Rural','Y','low class'),('LP002606','IP43502',3159,0,'Semiurban','Y','low class'),('LP002615','IP43503',4865,5624,'Semiurban','Y','low class'),('LP002618','IP43504',4050,5302,'Rural','N','low class'),('LP002619','IP43505',3814,1483,'Semiurban','Y','low class'),('LP002622','IP43506',3510,4416,'Rural','Y','low class'),('LP002624','IP43507',20833,6667,'Urban','Y','Grade-A'),('LP002625','IP43508',3583,0,'Urban','N','low class'),('LP002626','IP43509',2479,3013,'Urban','Y','low class'),('LP002634','IP43510',13262,0,'Urban','Y','Grade-B'),('LP002637','IP43511',3598,1287,'Rural','N','low class'),('LP002640','IP43512',6065,2004,'Semiurban','Y','Middle class customer'),('LP002643','IP43513',3283,2035,'Urban','Y','low class'),('LP002648','IP43514',2130,6666,'Semiurban','N','low class'),('LP002652','IP43515',5815,3666,'Rural','N','Middle class customer'),('LP002659','IP43516',3466,3428,'Rural','Y','low class'),('LP002670','IP43517',2031,1632,'Semiurban','Y','low class'),('LP002682','IP43518',3074,1800,'Semiurban','N','low class'),('LP002683','IP43519',4683,1915,'Semiurban','N','low class'),('LP002684','IP43520',3400,0,'Rural','N','low class'),('LP002689','IP43521',2192,1742,'Semiurban','Y','low class'),('LP002690','IP43522',2500,0,'Semiurban','Y','low class'),('LP002692','IP43523',5677,1424,'Rural','Y','Middle class customer'),('LP002693','IP43524',7948,7166,'Rural','Y','Middle class customer'),('LP002697','IP43525',4680,2087,'Semiurban','N','low class'),('LP002699','IP43526',17500,0,'Rural','Y','Grade-A'),('LP002705','IP43527',3775,0,'Semiurban','Y','low class'),('LP002706','IP43528',5285,1430,'Semiurban','Y','Middle class customer'),('LP002714','IP43529',2679,1302,'Semiurban','Y','low class'),('LP002716','IP43530',6783,0,'Semiurban','Y','Middle class customer'),('LP002717','IP43531',1025,5500,'Rural','Y','low class'),('LP002720','IP43532',4281,0,'Urban','Y','low class'),('LP002723','IP43533',3588,0,'Rural','N','low class'),('LP002729','IP43534',11250,0,'Semiurban','N','Grade-B'),('LP002731','IP43535',18165,0,'Urban','Y','Grade-A'),('LP002732','IP43536',2550,2042,'Rural','Y','low class'),('LP002734','IP43537',6133,3906,'Urban','Y','Middle class customer'),('LP002738','IP43538',3617,0,'Semiurban','Y','low class'),('LP002739','IP43539',2917,536,'Rural','N','low class'),('LP002740','IP43540',6417,0,'Rural','Y','Middle class customer'),('LP002741','IP43541',4608,2845,'Semiurban','Y','low class'),('LP002743','IP43542',2138,0,'Semiurban','N','low class'),('LP002753','IP43543',3652,0,'Semiurban','Y','low class'),('LP002755','IP43544',2239,2524,'Urban','Y','low class'),('LP002757','IP43545',3017,663,'Semiurban','Y','low class'),('LP002767','IP43546',2768,1950,'Rural','Y','low class'),('LP002768','IP43547',3358,0,'Semiurban','N','low class'),('LP002772','IP43548',2526,1783,'Rural','Y','low class'),('LP002776','IP43549',5000,0,'Semiurban','N','low class'),('LP002777','IP43550',2785,2016,'Rural','Y','low class'),('LP002778','IP43551',6633,0,'Rural','N','Middle class customer'),('LP002784','IP43552',2492,2375,'Rural','Y','low class'),('LP002785','IP43553',3333,3250,'Urban','Y','low class'),('LP002788','IP43554',2454,2333,'Urban','N','low class'),('LP002789','IP43555',3593,4266,'Rural','N','low class'),('LP002792','IP43556',5468,1032,'Semiurban','Y','Middle class customer'),('LP002794','IP43557',2667,1625,'Urban','Y','low class'),('LP002795','IP43558',10139,0,'Semiurban','Y','Grade-B'),('LP002798','IP43559',3887,2669,'Semiurban','Y','low class'),('LP002804','IP43560',4180,2306,'Semiurban','Y','low class'),('LP002807','IP43561',3675,242,'Semiurban','Y','low class'),('LP002813','IP43562',19484,0,'Semiurban','Y','Grade-A'),('LP002820','IP43563',5923,2054,'Rural','Y','Middle class customer'),('LP002821','IP43564',5800,0,'Semiurban','Y','Middle class customer'),('LP002832','IP43565',8799,0,'Urban','N','Middle class customer'),('LP002833','IP43566',4467,0,'Rural','Y','low class'),('LP002836','IP43567',3333,0,'Urban','Y','low class'),('LP002837','IP43568',3400,2500,'Rural','N','low class'),('LP002840','IP43569',2378,0,'Urban','N','low class'),('LP002841','IP43570',3166,2064,'Urban','N','low class'),('LP002842','IP43571',3417,1750,'Urban','Y','low class'),('LP002847','IP43572',5116,1451,'Urban','N','Middle class customer'),('LP002855','IP43573',16666,0,'Urban','Y','Grade-A'),('LP002862','IP43574',6125,1625,'Semiurban','N','Middle class customer'),('LP002863','IP43575',6406,0,'Semiurban','N','Middle class customer'),('LP002868','IP43576',3159,461,'Urban','Y','low class'),('LP002872','IP43577',3087,2210,'Semiurban','N','low class'),('LP002874','IP43578',3229,2739,'Urban','Y','low class'),('LP002877','IP43579',1782,2232,'Rural','Y','low class'),('LP002888','IP43580',3182,2917,'Urban','Y','low class'),('LP002892','IP43581',6540,0,'Semiurban','Y','Middle class customer'),('LP002893','IP43582',1836,33837,'Urban','N','low class'),('LP002894','IP43583',3166,0,'Semiurban','Y','low class'),('LP002898','IP43584',1880,0,'Rural','N','low class'),('LP002911','IP43585',2787,1917,'Rural','N','low class'),('LP002912','IP43586',4283,3000,'Rural','N','low class'),('LP002916','IP43587',2297,1522,'Urban','Y','low class'),('LP002917','IP43588',2165,0,'Semiurban','Y','low class'),('LP002925','IP43589',4750,0,'Semiurban','Y','low class'),('LP002926','IP43590',2726,0,'Semiurban','N','low class'),('LP002928','IP43591',3000,3416,'Semiurban','Y','low class'),('LP002931','IP43592',6000,0,'Semiurban','N','Middle class customer'),('LP002933','IP43593',9357,0,'Semiurban','Y','Grade-B'),('LP002936','IP43594',3859,3300,'Rural','Y','low class'),('LP002938','IP43595',16120,0,'Urban','Y','Grade-A'),('LP002940','IP43596',3833,0,'Rural','Y','low class'),('LP002941','IP43597',6383,1000,'Rural','N','Middle class customer'),('LP002943','IP43598',2987,0,'Semiurban','N','low class'),('LP002945','IP43599',9963,0,'Rural','Y','Grade-B'),('LP002948','IP43600',5780,0,'Urban','Y','Middle class customer'),('LP002949','IP43601',416,41667,'Urban','N','low class'),('LP002950','IP43602',2894,2792,'Rural','Y','low class'),('LP002953','IP43603',5703,0,'Urban','Y','Middle class customer'),('LP002958','IP43604',3676,4301,'Rural','Y','low class'),('LP002959','IP43605',12000,0,'Semiurban','Y','Grade-B'),('LP002960','IP43606',2400,3800,'Urban','N','low class'),('LP002961','IP43607',3400,2500,'Semiurban','Y','low class'),('LP002964','IP43608',3987,1411,'Rural','Y','low class'),('LP002974','IP43609',3232,1950,'Rural','Y','low class'),('LP002978','IP43610',2900,0,'Rural','Y','low class'),('LP002979','IP43611',4106,0,'Rural','Y','low class'),('LP002983','IP43612',8072,240,'Urban','Y','Middle class customer'),('LP002984','IP43613',7583,0,'Urban','Y','Middle class customer'),('LP002990','IP43614',4583,0,'Semiurban','N','low class');
/*!40000 ALTER TABLE `class` ENABLE KEYS */;
UNLOCK TABLES;

--
-- Table structure for table `country_state`
--

DROP TABLE IF EXISTS `country_state`;
/*!40101 SET @saved_cs_client     = @@character_set_client */;
/*!50503 SET character_set_client = utf8mb4 */;
CREATE TABLE `country_state` (
  `Customer_id` text,
  `loan_id` text,
  `Customer_name` text,
  `Region_id` double DEFAULT NULL,
  `Postal_Code` int DEFAULT NULL,
  `Segment` text,
  `State` text
) ENGINE=InnoDB DEFAULT CHARSET=utf8mb4 COLLATE=utf8mb4_0900_ai_ci;
/*!40101 SET character_set_client = @saved_cs_client */;

--
-- Dumping data for table `country_state`
--

LOCK TABLES `country_state` WRITE;
/*!40000 ALTER TABLE `country_state` DISABLE KEYS */;
INSERT INTO `country_state` VALUES ('IP43001','LP001002','Claire Gute',13.2,42420,'Consumer','Kentucky'),('IP43002','LP001003','Darrin Van Huff',13.2,90036,'Corporate','California'),('IP43003','LP001005','Sean O\'Donnell',13.2,33311,'Consumer','Florida'),('IP43004','LP001006','Brosina Hoffman',13.2,90032,'Consumer','California'),('IP43005','LP001008','Andrew Allen',13.2,28027,'Consumer','North Carolina'),('IP43006','LP001011','Irene Maddox',13.2,98103,'Consumer','Washington'),('IP43007','LP001013','Harold Pawlan',13.3,76106,'Home Office','Texas'),('IP43008','LP001014','Pete Kriz',13.3,53711,'Consumer','Wisconsin'),('IP43009','LP001018','Alejandro Grove',13.2,84084,'Consumer','Utah'),('IP43010','LP001020','Zuschuss Donatelli',13.2,94109,'Consumer','California'),('IP43011','LP001024','Ken Black',13.3,68025,'Corporate','Nebraska'),('IP43012','LP001027','Sandra Flanagan',13.4,19140,'Consumer','Pennsylvania'),('IP43013','LP001028','Emily Burns',13.2,84057,'Consumer','Utah'),('IP43014','LP001029','Eric Hoffmann',13.2,90049,'Consumer','California'),('IP43015','LP001030','Tracy Blumstein',13.4,19140,'Consumer','Pennsylvania'),('IP43016','LP001032','Matt Abelman',13.3,77095,'Home Office','Texas'),('IP43017','LP001034','Gene Hale',13.3,75080,'Corporate','Texas'),('IP43018','LP001036','Steve Nguyen',13.3,77041,'Home Office','Texas'),('IP43019','LP001038','Linda Cazamias',13.3,60540,'Corporate','Illinois'),('IP43020','LP001041','Ruben Ausman',13.2,90049,'Corporate','California'),('IP43021','LP001043','Erin Smith',13.2,32935,'Corporate','Florida'),('IP43022','LP001046','Odella Nelson',13.3,55122,'Corporate','Minnesota'),('IP43023','LP001047','Patrick O\'Donnell',13.3,48185,'Consumer','Michigan'),('IP43024','LP001050','Lena Hernandez',13.4,19901,'Consumer','Delaware'),('IP43025','LP001052','Darren Powers',13.3,47150,'Consumer','Indiana'),('IP43026','LP001066','Janet Molinari',13.4,10024,'Corporate','New York'),('IP43027','LP001068','Ted Butterfield',13.4,12180,'Consumer','New York'),('IP43028','LP001073','Kunst Miller',13.2,90004,'Consumer','California'),('IP43029','LP001086','Paul Stevenson',13.3,60610,'Home Office','Illinois'),('IP43030','LP001087','Brendan Sweed',13.2,85234,'Corporate','Arizona'),('IP43031','LP001091','Karen Daniels',13.2,22153,'Consumer','Virginia'),('IP43032','LP001095','Henry MacAllister',13.4,10009,'Consumer','New York'),('IP43033','LP001097','Joel Eaton',13.2,38109,'Consumer','Tennessee'),('IP43034','LP001098','Ken Brennan',13.3,77041,'Corporate','Texas'),('IP43035','LP001100','Stewart Carmichael',13.2,35601,'Corporate','Alabama'),('IP43036','LP001106','Duane Noonan',13.2,94122,'Consumer','California'),('IP43037','LP001109','Julie Creighton',13.2,27707,'Corporate','North Carolina'),('IP43038','LP001112','Christopher Schild',13.3,60623,'Home Office','Illinois'),('IP43039','LP001114','Paul Gonzalez',13.3,55901,'Consumer','Minnesota'),('IP43040','LP001116','Gary Mitchum',13.3,77095,'Home Office','Texas'),('IP43041','LP001119','Jim Sink',13.2,90036,'Corporate','California'),('IP43042','LP001120','Karl Braun',13.3,55407,'Consumer','Minnesota'),('IP43043','LP001123','Roger Barcio',13.2,97206,'Home Office','Oregon'),('IP43044','LP001131','Parhena Norris',13.4,10009,'Home Office','New York'),('IP43045','LP001136','Katherine Ducich',13.2,94122,'Consumer','California'),('IP43046','LP001137','Elpida Rittenbach',13.3,55106,'Corporate','Minnesota'),('IP43047','LP001138','Rick Bensley',13.3,60610,'Home Office','Illinois'),('IP43048','LP001144','Gary Zandusky',13.3,55901,'Consumer','Minnesota'),('IP43049','LP001146','Lena Cacioppo',13.2,80013,'Consumer','Colorado'),('IP43050','LP001151','Janet Martin',13.2,28205,'Consumer','North Carolina'),('IP43051','LP001155','Pete Armstrong',13.3,60462,'Home Office','Illinois'),('IP43052','LP001157','Cynthia Voltz',13.4,10035,'Corporate','New York'),('IP43053','LP001164','Clay Ludtke',13.3,50322,'Consumer','Iowa'),('IP43054','LP001179','Ryan Crowe',13.4,43229,'Consumer','Ohio'),('IP43055','LP001186','Dave Kipp',13.2,98103,'Consumer','Washington'),('IP43056','LP001194','Greg Guthrie',13.2,37620,'Corporate','Tennessee'),('IP43057','LP001195','Steven Cartwright',13.4,19805,'Consumer','Delaware'),('IP43058','LP001197','Alan Dominguez',13.3,77041,'Home Office','Texas'),('IP43059','LP001198','Philip Fox',13.3,61701,'Consumer','Illinois'),('IP43060','LP001199','Troy Staebel',13.2,85023,'Consumer','Arizona'),('IP43061','LP001205','Lindsay Shagiari',13.2,90004,'Home Office','California'),('IP43062','LP001206','Dorothy Wardle',13.4,43229,'Corporate','Ohio'),('IP43063','LP001207','Lena Creighton',13.2,95661,'Consumer','California'),('IP43064','LP001213','Jonathan Doherty',13.4,19140,'Corporate','Pennsylvania'),('IP43065','LP001222','Sally Hughsby',13.2,94122,'Corporate','California'),('IP43066','LP001225','Sandra Glassco',13.3,64055,'Consumer','Missouri'),('IP43067','LP001228','Helen Andreada',13.2,91104,'Consumer','California'),('IP43068','LP001233','Maureen Gastineau',13.4,43055,'Home Office','Ohio'),('IP43069','LP001238','Justin Ellison',13.3,53132,'Corporate','Wisconsin'),('IP43070','LP001241','Tamara Willingham',13.2,85254,'Home Office','Arizona'),('IP43071','LP001243','Stephanie Phelps',13.2,95123,'Corporate','California'),('IP43072','LP001245','Neil Knudson',13.2,98105,'Home Office','Washington'),('IP43073','LP001248','Dave Brooks',13.2,98115,'Consumer','Washington'),('IP43074','LP001250','Nora Paige',13.3,73034,'Consumer','Oklahoma'),('IP43075','LP001253','Ted Trevino',13.2,90045,'Consumer','California'),('IP43076','LP001255','Eric Murdock',13.4,19134,'Consumer','Pennsylvania'),('IP43077','LP001256','Ruben Dartt',13.2,88220,'Consumer','New Mexico'),('IP43078','LP001259','Max Jones',13.2,98115,'Consumer','Washington'),('IP43079','LP001263','Becky Martin',13.3,78207,'Consumer','Texas'),('IP43080','LP001264','Chad Sievert',13.2,90004,'Consumer','California'),('IP43081','LP001265','Jennifer Braxton',13.3,60623,'Corporate','Illinois'),('IP43082','LP001266','Shirley Jackson',13.3,77036,'Consumer','Texas'),('IP43083','LP001267','Jim Kriz',13.4,10009,'Home Office','New York'),('IP43084','LP001273','David Kendrick',13.3,62521,'Corporate','Illinois'),('IP43085','LP001275','Robert Marley',13.2,71203,'Home Office','Louisiana'),('IP43086','LP001279','Sally Knutson',13.4,6824,'Consumer','Connecticut'),('IP43087','LP001280','Frank Merwin',13.2,90032,'Home Office','California'),('IP43088','LP001282','Alice McCarthy',13.3,75051,'Corporate','Texas'),('IP43089','LP001289','Mark Packer',13.4,10035,'Home Office','New York'),('IP43090','LP001310','Mary Zewe',13.2,92374,'Corporate','California'),('IP43091','LP001316','Cassandra Brandow',13.4,45011,'Consumer','Ohio'),('IP43092','LP001318','Valerie Mitchum',13.4,7090,'Home Office','New Jersey'),('IP43093','LP001319','Fred Hopkins',13.4,19120,'Corporate','Pennsylvania'),('IP43094','LP001322','Maria Bertelson',13.4,44312,'Consumer','Ohio'),('IP43095','LP001325','Bruce Stewart',13.2,80219,'Consumer','Colorado'),('IP43096','LP001326','Logan Currie',13.3,75220,'Consumer','Texas'),('IP43097','LP001327','Heather Kirkland',13.2,37064,'Corporate','Tennessee'),('IP43098','LP001333','Laurel Elliston',13.2,90604,'Consumer','California'),('IP43099','LP001334','Joseph Holt',13.3,48601,'Consumer','Michigan'),('IP43100','LP001343','Michael Stewart',13.3,75220,'Corporate','Texas'),('IP43101','LP001345','Victoria Wilson',13.4,44256,'Corporate','Ohio'),('IP43102','LP001349','Jonathan Howell',13.2,90032,'Consumer','California'),('IP43103','LP001350','Joni Blumstein',13.4,43017,'Consumer','Ohio'),('IP43104','LP001356','David Smith',13.3,48227,'Corporate','Michigan'),('IP43105','LP001357','Valerie Dominguez',13.2,38401,'Consumer','Tennessee'),('IP43106','LP001367','Erin Ashbrook',13.2,28205,'Corporate','North Carolina'),('IP43107','LP001369','David Bremer',13.2,95051,'Corporate','California'),('IP43108','LP001370','Ken Lonsdale',13.3,60610,'Consumer','Illinois'),('IP43109','LP001379','Dianna Wilson',13.3,55044,'Home Office','Minnesota'),('IP43110','LP001384','Logan Haushalter',13.2,94109,'Consumer','California'),('IP43111','LP001385','Kelly Collister',13.2,92037,'Consumer','California'),('IP43112','LP001387','Delfina Latchford',13.4,10024,'Consumer','New York'),('IP43113','LP001391','Dan Reichenbach',13.3,60623,'Corporate','Illinois'),('IP43114','LP001392','Craig Carreira',13.4,10009,'Consumer','New York'),('IP43115','LP001398','Dorris liebe',13.3,77506,'Corporate','Texas'),('IP43116','LP001401','Sean Braxton',13.3,77036,'Corporate','Texas'),('IP43117','LP001404','Roy Collins',13.3,60610,'Consumer','Illinois'),('IP43118','LP001405','Alan Hwang',13.2,94513,'Consumer','California'),('IP43119','LP001421','Claudia Bergmann',13.2,27514,'Corporate','North Carolina'),('IP43120','LP001422','Christine Abelman',13.4,45231,'Corporate','Ohio'),('IP43121','LP001426','Kristen Hastings',13.2,94110,'Corporate','California'),('IP43122','LP001430','Barry Blumstein',13.2,90301,'Corporate','California'),('IP43123','LP001431','Andrew Gjertsen',13.4,19140,'Corporate','Pennsylvania'),('IP43124','LP001432','Jas O\'Carroll',13.2,90004,'Consumer','California'),('IP43125','LP001439','Alan Haines',13.2,33319,'Corporate','Florida'),('IP43126','LP001443','Nick Zandusky',13.4,43229,'Home Office','Ohio'),('IP43127','LP001448','Kelly Lampkin',13.2,80906,'Corporate','Colorado'),('IP43128','LP001449','Alan Schoenberger',13.4,10024,'Corporate','New York'),('IP43129','LP001451','Corey Roper',13.4,8701,'Home Office','New Jersey'),('IP43130','LP001465','Shahid Hopkins',13.2,22204,'Consumer','Virginia'),('IP43131','LP001469','Ben Peterman',13.2,80004,'Corporate','Colorado'),('IP43132','LP001473','Thomas Seio',13.4,7601,'Corporate','New Jersey'),('IP43133','LP001478','Andy Gerbode',13.2,33710,'Corporate','Florida'),('IP43134','LP001482','Sung Pak',13.4,19143,'Corporate','Pennsylvania'),('IP43135','LP001487','Nathan Mautz',13.4,10024,'Home Office','New York'),('IP43136','LP001488','Frank Atkinson',13.2,90805,'Corporate','California'),('IP43137','LP001489','Grace Kelly',13.2,92345,'Corporate','California'),('IP43138','LP001491','Don Jones',13.2,37130,'Corporate','Tennessee'),('IP43139','LP001492','Patrick O\'Brill',13.4,19143,'Consumer','Pennsylvania'),('IP43140','LP001493','John Lucas',13.4,19134,'Consumer','Pennsylvania'),('IP43141','LP001497','Doug Bickford',13.2,90045,'Consumer','California'),('IP43142','LP001498','Alyssa Crouse',13.2,94122,'Corporate','California'),('IP43143','LP001504','Clay Cheatham',13.2,94122,'Consumer','California'),('IP43144','LP001507','Tamara Dahlen',13.4,1852,'Consumer','Massachusetts'),('IP43145','LP001508','Adam Bellavance',13.4,10009,'Home Office','New York'),('IP43146','LP001514','Jeremy Lonsdale',13.4,10035,'Consumer','New York'),('IP43147','LP001516','Victoria Brennan',13.2,31907,'Corporate','Georgia'),('IP43148','LP001518','Katrina Willman',13.4,10009,'Consumer','New York'),('IP43149','LP001519','Julia Dunbar',13.2,94109,'Consumer','California'),('IP43150','LP001520','Michael Kennedy',13.4,6040,'Corporate','Connecticut'),('IP43151','LP001528','Guy Thornton',13.3,78550,'Consumer','Texas'),('IP43152','LP001529','Arthur Gainer',13.2,85705,'Consumer','Arizona'),('IP43153','LP001531','Muhammed MacIntyre',13.3,62301,'Corporate','Illinois'),('IP43154','LP001532','Allen Rosenblatt',13.4,2038,'Corporate','Massachusetts'),('IP43155','LP001535','Russell Applegate',13.3,77095,'Consumer','Texas'),('IP43156','LP001536','Alejandro Savely',13.2,94109,'Corporate','California'),('IP43157','LP001541','Laura Armstrong',13.3,48180,'Corporate','Michigan'),('IP43158','LP001543','Denny Ordway',13.2,33024,'Consumer','Florida'),('IP43159','LP001546','Dean Katz',13.4,19140,'Corporate','Pennsylvania'),('IP43160','LP001552','Nathan Gelder',13.4,45231,'Consumer','Ohio'),('IP43161','LP001560','Mike Vittorini',13.4,10009,'Consumer','New York'),('IP43162','LP001562','Jack Garza',13.2,98198,'Consumer','Washington'),('IP43163','LP001565','Bart Pistole',13.3,61604,'Corporate','Illinois'),('IP43164','LP001570','Victor Preis',13.2,89115,'Home Office','Nevada'),('IP43165','LP001572','Saphhira Shifley',13.4,2886,'Corporate','Rhode Island'),('IP43166','LP001574','Anna Gayman',13.3,77036,'Consumer','Texas'),('IP43167','LP001577','Luke Foster',13.2,33180,'Consumer','Florida'),('IP43168','LP001578','Roy Franzosisch',13.4,10024,'Consumer','New York'),('IP43169','LP001579','Keith Herrera',13.2,94110,'Consumer','California'),('IP43170','LP001580','Kimberly Carter',13.2,98105,'Corporate','Washington'),('IP43171','LP001581','Caroline Jumper',13.2,92646,'Consumer','California'),('IP43172','LP001585','Philip Brown',13.2,90004,'Consumer','California'),('IP43173','LP001586','Michael Paige',13.4,1841,'Corporate','Massachusetts'),('IP43174','LP001594','Natalie Fritzler',13.2,39212,'Consumer','Mississippi'),('IP43175','LP001603','Shirley Daniels',13.4,10801,'Home Office','New York'),('IP43176','LP001606','Ken Heidel',13.3,78207,'Corporate','Texas'),('IP43177','LP001608','Ross Baird',13.2,28052,'Home Office','North Carolina'),('IP43178','LP001610','Mike Kennedy',13.2,32216,'Consumer','Florida'),('IP43179','LP001616','Philisse Overcash',13.3,60623,'Home Office','Illinois'),('IP43180','LP001630','Brenda Bowman',13.3,77070,'Corporate','Texas'),('IP43181','LP001633','Troy Blackwell',13.3,47201,'Consumer','Indiana'),('IP43182','LP001634','Raymond Buch',13.4,13021,'Consumer','New York'),('IP43183','LP001636','Ed Braxton',13.4,44312,'Corporate','Ohio'),('IP43184','LP001637','Sanjit Chand',13.2,94521,'Consumer','California'),('IP43185','LP001639','Tanja Norvell',13.2,85023,'Home Office','Arizona'),('IP43186','LP001640','Joni Sundaresam',13.3,60068,'Home Office','Illinois'),('IP43187','LP001641','Maya Herman',13.4,11757,'Corporate','New York'),('IP43188','LP001643','Jeremy Pistek',13.2,94110,'Consumer','California'),('IP43189','LP001644','Jeremy Ellison',13.4,12180,'Consumer','New York'),('IP43190','LP001647','John Grady',13.4,10024,'Corporate','New York'),('IP43191','LP001653','Xylona Preis',13.2,92024,'Consumer','California'),('IP43192','LP001656','Erin Mull',13.4,10024,'Consumer','New York'),('IP43193','LP001657','Michelle Tran',13.2,90045,'Home Office','California'),('IP43194','LP001658','Sue Ann Reed',13.3,60610,'Consumer','Illinois'),('IP43195','LP001664','Carl Weiss',13.3,77340,'Home Office','Texas'),('IP43196','LP001665','Astrea Jones',13.4,14609,'Consumer','New York'),('IP43197','LP001666','Sonia Sunley',13.2,98115,'Consumer','Washington'),('IP43198','LP001669','Rose O\'Brian',13.2,38109,'Consumer','Tennessee'),('IP43199','LP001671','Maribeth Dona',13.2,72701,'Consumer','Arkansas'),('IP43200','LP001673','Maribeth Yedwab',13.2,80134,'Corporate','Colorado'),('IP43201','LP001674','Christopher Martinez',13.2,30318,'Consumer','Georgia'),('IP43202','LP001677','Lynn Smith',13.3,64118,'Consumer','Missouri'),('IP43203','LP001682','Bradley Nguyen',13.2,90049,'Consumer','California'),('IP43204','LP001688','Dean Braden',13.3,77041,'Consumer','Texas'),('IP43205','LP001691','Matt Connell',13.3,48234,'Corporate','Michigan'),('IP43206','LP001692','Brian Dahlen',13.4,1841,'Consumer','Massachusetts'),('IP43207','LP001693','Patricia Hirasaki',13.2,33801,'Home Office','Florida'),('IP43208','LP001698','Mike Gockenbach',13.4,19134,'Consumer','Pennsylvania'),('IP43209','LP001699','Karen Bern',13.2,90036,'Corporate','California'),('IP43210','LP001702','Jasper Cacioppo',13.2,90032,'Consumer','California'),('IP43211','LP001708','Rob Lucas',13.2,36116,'Consumer','Alabama'),('IP43212','LP001711','Allen Armold',13.2,85204,'Consumer','Arizona'),('IP43213','LP001713','Emily Phan',13.3,60653,'Consumer','Illinois'),('IP43214','LP001715','Darren Koutras',13.2,42420,'Consumer','Kentucky'),('IP43215','LP001716','Bradley Drucker',13.3,54302,'Consumer','Wisconsin'),('IP43216','LP001720','Liz MacKendrick',13.4,45503,'Consumer','Ohio'),('IP43217','LP001722','Adrian Shami',13.4,10035,'Home Office','New York'),('IP43218','LP001726','Bill Donatelli',13.2,94110,'Consumer','California'),('IP43219','LP001732','Greg Tran',13.3,77070,'Consumer','Texas'),('IP43220','LP001734','Ashley Jarboe',13.2,28403,'Consumer','North Carolina'),('IP43221','LP001736','Olvera Toch',13.2,90045,'Consumer','California'),('IP43222','LP001743','Liz Pelletier',13.2,94110,'Consumer','California'),('IP43223','LP001744','Cynthia Arntzen',13.2,33614,'Consumer','Florida'),('IP43224','LP001749','Jeremy Farry',13.2,98105,'Consumer','Washington'),('IP43225','LP001750','Frank Preis',13.2,90008,'Consumer','California'),('IP43226','LP001751','Ellis Ballard',13.2,98105,'Corporate','Washington'),('IP43227','LP001754','Jennifer Ferguson',13.4,10024,'Consumer','New York'),('IP43228','LP001758','Sarah Foster',13.2,98270,'Consumer','Washington'),('IP43229','LP001760','Trudy Glocke',13.2,90805,'Consumer','California'),('IP43230','LP001761','Carlos Soltero',13.3,60610,'Consumer','Illinois'),('IP43231','LP001765','Charles Crestani',13.2,90004,'Consumer','California'),('IP43232','LP001768','Dianna Vittorini',13.2,80219,'Consumer','Colorado'),('IP43233','LP001770','Bruce Degenhardt',13.2,40475,'Consumer','Kentucky'),('IP43234','LP001776','Zuschuss Carroll',13.2,97301,'Consumer','Oregon'),('IP43235','LP001778','Melanie Seite',13.3,78041,'Consumer','Texas'),('IP43236','LP001784','Lena Radford',13.2,92024,'Consumer','California'),('IP43237','LP001786','Theone Pippenger',13.4,19134,'Consumer','Pennsylvania'),('IP43238','LP001788','Chloris Kastensmidt',13.4,19120,'Consumer','Pennsylvania'),('IP43239','LP001790','Alan Shonely',13.2,33614,'Consumer','Florida'),('IP43240','LP001792','Andrew Roberts',13.4,19134,'Consumer','Pennsylvania'),('IP43241','LP001798','Nona Balk',13.3,75217,'Corporate','Texas'),('IP43242','LP001800','Giulietta Dortch',13.4,19143,'Corporate','Pennsylvania'),('IP43243','LP001806','Clytie Kelty',13.4,43123,'Consumer','Ohio'),('IP43244','LP001807','Nat Gilpin',13.4,10011,'Corporate','New York'),('IP43245','LP001811','Christina Anderson',13.3,60610,'Consumer','Illinois'),('IP43246','LP001813','Sylvia Foulston',13.3,48126,'Corporate','Michigan'),('IP43247','LP001814','Meg O\'Connel',13.4,10009,'Home Office','New York'),('IP43248','LP001819','Annie Thurman',13.2,98115,'Consumer','Washington'),('IP43249','LP001824','Fred McMath',13.2,80013,'Consumer','Colorado'),('IP43250','LP001825','Denny Joy',13.2,31088,'Corporate','Georgia'),('IP43251','LP001835','Max Engle',13.2,80013,'Consumer','Colorado'),('IP43252','LP001836','Justin Deggeller',13.3,55407,'Corporate','Minnesota'),('IP43253','LP001841','John Lee',13.2,92691,'Consumer','California'),('IP43254','LP001843','Sean Christensen',13.3,48307,'Consumer','Michigan'),('IP43255','LP001844','Chuck Clark',13.3,47201,'Home Office','Indiana'),('IP43256','LP001846','Anthony Rawles',13.2,98661,'Corporate','Washington'),('IP43257','LP001849','Steven Roelle',13.4,10024,'Home Office','New York'),('IP43258','LP001854','Craig Reiter',13.4,43229,'Consumer','Ohio'),('IP43259','LP001859','Eugene Hildebrand',13.3,60505,'Home Office','Illinois'),('IP43260','LP001864','Sibella Parks',13.4,10011,'Corporate','New York'),('IP43261','LP001865','Tiffany House',13.3,75081,'Corporate','Texas'),('IP43262','LP001868','Resi Polking',13.4,44105,'Consumer','Ohio'),('IP43263','LP001870','Rob Beeghly',13.3,47201,'Consumer','Indiana'),('IP43264','LP001871','Carol Darley',13.3,75701,'Consumer','Texas'),('IP43265','LP001872','Doug Jacobs',13.4,10024,'Consumer','New York'),('IP43266','LP001875','Grant Thornton',13.2,27217,'Corporate','North Carolina'),('IP43267','LP001877','Michael Chen',13.2,39212,'Consumer','Mississippi'),('IP43268','LP001882','Ralph Arnett',13.4,10035,'Consumer','New York'),('IP43269','LP001883','Naresj Patel',13.2,22980,'Consumer','Virginia'),('IP43270','LP001884','Alan Barnes',13.2,90036,'Consumer','California'),('IP43271','LP001888','Jesus Ocampo',13.4,19013,'Home Office','Pennsylvania'),('IP43272','LP001891','Jay Kimmel',13.2,90805,'Consumer','California'),('IP43273','LP001892','Brad Norvell',13.2,27511,'Corporate','North Carolina'),('IP43274','LP001894','David Philippe',13.4,10035,'Consumer','New York'),('IP43275','LP001896','Tracy Hopkins',13.4,10035,'Home Office','New York'),('IP43276','LP001900','Arthur Prichep',13.2,32137,'Consumer','Florida'),('IP43277','LP001903','Roland Schwarz',13.4,10550,'Corporate','New York'),('IP43278','LP001904','Seth Vernon',13.4,19901,'Consumer','Delaware'),('IP43279','LP001907','Christine Kargatis',13.2,84057,'Home Office','Utah'),('IP43280','LP001908','Ross DeVincentis',13.2,90045,'Home Office','California'),('IP43281','LP001910','Mathew Reese',13.4,19140,'Home Office','Pennsylvania'),('IP43282','LP001914','Steve Chapman',13.2,33012,'Corporate','Florida'),('IP43283','LP001915','Jay Fein',13.3,78745,'Consumer','Texas'),('IP43284','LP001917','Emily Grady',13.4,11572,'Consumer','New York'),('IP43285','LP001922','Darrin Sayre',13.2,98115,'Home Office','Washington'),('IP43286','LP001924','Phillina Ober',13.3,60540,'Home Office','Illinois'),('IP43287','LP001925','Sung Shariari',13.3,75220,'Consumer','Texas'),('IP43288','LP001926','Peter Buhler',13.3,60201,'Consumer','Illinois'),('IP43289','LP001931','Roland Fjeld',13.3,48183,'Consumer','Michigan'),('IP43290','LP001935','Yoseph Carroll',13.2,94110,'Corporate','California'),('IP43291','LP001936','Debra Catini',13.3,55016,'Consumer','Minnesota'),('IP43292','LP001938','Christine Phan',13.4,10009,'Corporate','New York'),('IP43293','LP001940','Barry Franzosisch',13.3,54302,'Corporate','Wisconsin'),('IP43294','LP001945','Lisa Hazard',13.4,43229,'Consumer','Ohio'),('IP43295','LP001947','Chris Selesnick',13.2,71111,'Corporate','Louisiana'),('IP43296','LP001949','Anthony Johnson',13.2,33710,'Corporate','Florida'),('IP43297','LP001953','Benjamin Venier',13.3,50315,'Corporate','Iowa'),('IP43298','LP001954','Dan Lawera',13.4,45231,'Consumer','Ohio'),('IP43299','LP001955','Bryan Mills',13.4,43229,'Consumer','Ohio'),('IP43300','LP001963','Liz Thompson',13.2,93534,'Consumer','California'),('IP43301','LP001964','Joe Kamberova',13.2,28806,'Consumer','North Carolina'),('IP43302','LP001972','Erica Smith',13.2,94110,'Consumer','California'),('IP43303','LP001974','Rick Hansen',13.3,55901,'Consumer','Minnesota'),('IP43304','LP001977','Carlos Daly',13.2,92530,'Consumer','California'),('IP43305','LP001978','Helen Wasserman',13.2,92105,'Corporate','California'),('IP43306','LP001990','Mike Caudle',13.2,71203,'Corporate','Louisiana'),('IP43307','LP001993','Gary McGarr',13.2,94122,'Consumer','California'),('IP43308','LP001994','Pauline Johnson',13.2,92704,'Consumer','California'),('IP43309','LP001996','Bart Watters',13.3,53209,'Corporate','Wisconsin'),('IP43310','LP001998','Toby Ritter',13.4,7109,'Consumer','New Jersey'),('IP43311','LP002002','Patrick Gardner',13.2,94110,'Consumer','California'),('IP43312','LP002004','James Lanier',13.2,38401,'Home Office','Tennessee'),('IP43313','LP002006','Brian Moss',13.4,10035,'Corporate','New York'),('IP43314','LP002008','Eudokia Martin',13.2,90036,'Corporate','California'),('IP43315','LP002024','Art Foster',13.2,40214,'Consumer','Kentucky'),('IP43316','LP002031','Guy Armstrong',13.4,44052,'Consumer','Ohio'),('IP43317','LP002035','Cyma Kinney',13.4,7036,'Corporate','New Jersey'),('IP43318','LP002036','Dave Poirier',13.2,93905,'Corporate','California'),('IP43319','LP002043','Berenike Kampe',13.4,10035,'Consumer','New York'),('IP43320','LP002050','Sanjit Jacobs',13.4,8901,'Home Office','New Jersey'),('IP43321','LP002051','Chuck Magee',13.2,94122,'Consumer','California'),('IP43322','LP002053','Anthony Jacobs',13.2,22153,'Corporate','Virginia'),('IP43323','LP002054','Linda Southworth',13.4,19140,'Corporate','Pennsylvania'),('IP43324','LP002055','Guy Phonely',13.4,17602,'Corporate','Pennsylvania'),('IP43325','LP002065','Paul Knutson',13.4,19143,'Home Office','Pennsylvania'),('IP43326','LP002067','Sally Matthias',13.4,10009,'Consumer','New York'),('IP43327','LP002068','Anthony Garverick',13.4,19120,'Home Office','Pennsylvania'),('IP43328','LP002082','Peter McVee',13.3,48227,'Home Office','Michigan'),('IP43329','LP002086','Lauren Leatherbury',13.4,14609,'Consumer','New York'),('IP43330','LP002087','Jill Stevenson',13.2,90045,'Corporate','California'),('IP43331','LP002097','Ed Ludwig',13.4,21044,'Home Office','Maryland'),('IP43332','LP002098','Pamela Coakley',13.2,94122,'Corporate','California'),('IP43333','LP002100','Hunter Lopez',13.3,77095,'Consumer','Texas'),('IP43334','LP002101','Maribeth Schnelling',13.3,48227,'Consumer','Michigan'),('IP43335','LP002103','George Bell',13.4,13021,'Corporate','New York'),('IP43336','LP002106','Justin Ritter',13.4,45503,'Corporate','Ohio'),('IP43337','LP002110','Bill Eplett',13.3,49201,'Home Office','Michigan'),('IP43338','LP002112','Sample Company A',13.4,6360,'Home Office','Connecticut'),('IP43339','LP002113','Rob Williams',13.3,75220,'Corporate','Texas'),('IP43340','LP002114','Sanjit Engle',13.4,10009,'Consumer','New York'),('IP43341','LP002115','Adam Hart',13.4,10011,'Corporate','New York'),('IP43342','LP002116','Jessica Myrick',13.4,19143,'Consumer','Pennsylvania'),('IP43343','LP002119','Joel Jenkins',13.2,22153,'Home Office','Virginia'),('IP43344','LP002126','Ralph Kennedy',13.4,19140,'Consumer','Pennsylvania'),('IP43345','LP002128','Catherine Glotzbach',13.4,19120,'Home Office','Pennsylvania'),('IP43346','LP002129','Rachel Payne',13.2,92503,'Corporate','California'),('IP43347','LP002130','Karen Carlisle',13.2,94110,'Corporate','California'),('IP43348','LP002131','Katherine Hughes',13.4,19143,'Consumer','Pennsylvania'),('IP43349','LP002137','Greg Hansen',13.3,78664,'Consumer','Texas'),('IP43350','LP002138','Scott Williamson',13.2,39212,'Consumer','Mississippi'),('IP43351','LP002139','Joseph Airdo',13.2,85023,'Consumer','Arizona'),('IP43352','LP002140','Daniel Lacy',13.2,92054,'Consumer','California'),('IP43353','LP002141','Lindsay Williams',13.2,94110,'Corporate','California'),('IP43354','LP002142','Thomas Brumley',13.2,72701,'Home Office','Arkansas'),('IP43355','LP002143','Bryan Spruell',13.4,10011,'Home Office','New York'),('IP43356','LP002144','Robert Waldorf',13.2,28403,'Consumer','North Carolina'),('IP43357','LP002149','Tracy Zic',13.2,80027,'Consumer','Colorado'),('IP43358','LP002151','Ann Steele',13.3,77506,'Home Office','Texas'),('IP43359','LP002158','Toby Swindell',13.3,77041,'Consumer','Texas'),('IP43360','LP002160','Sara Luxemburg',13.2,32216,'Home Office','Florida'),('IP43361','LP002161','Mitch Willingham',13.2,23464,'Corporate','Virginia'),('IP43362','LP002170','Rob Dowd',13.2,42420,'Consumer','Kentucky'),('IP43363','LP002175','Ryan Akin',13.2,92563,'Consumer','California'),('IP43364','LP002178','Meg Tillman',13.2,85254,'Consumer','Arizona'),('IP43365','LP002180','Vivek Gonzalez',13.2,92037,'Consumer','California'),('IP43366','LP002181','John Stevenson',13.2,98103,'Consumer','Washington'),('IP43367','LP002187','Kalyca Meade',13.4,10011,'Corporate','New York'),('IP43368','LP002188','Hallie Redmond',13.2,90045,'Home Office','California'),('IP43369','LP002190','Deanra Eno',13.4,45503,'Home Office','Ohio'),('IP43370','LP002191','Allen Goldenen',13.4,45231,'Consumer','Ohio'),('IP43371','LP002194','Jennifer Jackson',13.2,90004,'Consumer','California'),('IP43372','LP002197','Jennifer Halladay',13.2,27217,'Consumer','North Carolina'),('IP43373','LP002201','Robert Dilbeck',13.3,63376,'Home Office','Missouri'),('IP43374','LP002205','Mary O\'Rourke',13.4,10035,'Consumer','New York'),('IP43375','LP002209','Noel Staavos',13.3,60610,'Corporate','Illinois'),('IP43376','LP002211','Deirdre Greer',13.4,19134,'Corporate','Pennsylvania'),('IP43377','LP002219','Nicole Fjeld',13.4,10009,'Home Office','New York'),('IP43378','LP002223','Matthew Grinstein',13.4,19143,'Home Office','Pennsylvania'),('IP43379','LP002224','Theresa Swint',13.4,43615,'Corporate','Ohio'),('IP43380','LP002225','Brian DeCherney',13.2,94122,'Consumer','California'),('IP43381','LP002226','Charles McCrossin',13.3,78521,'Consumer','Texas'),('IP43382','LP002229','Skye Norling',13.2,90008,'Home Office','California'),('IP43383','LP002231','Erica Hernandez',13.2,80219,'Home Office','Colorado'),('IP43384','LP002234','Frank Olsen',13.4,10035,'Consumer','New York'),('IP43385','LP002236','Maurice Satty',13.2,85204,'Consumer','Arizona'),('IP43386','LP002237','Chad Cunningham',13.3,47201,'Home Office','Indiana'),('IP43387','LP002239','Don Weiss',13.2,98105,'Consumer','Washington'),('IP43388','LP002243','Bill Tyler',13.3,48227,'Corporate','Michigan'),('IP43389','LP002244','Craig Yedwab',13.2,94601,'Corporate','California'),('IP43390','LP002250','Brad Thomas',13.4,20735,'Home Office','Maryland'),('IP43391','LP002255','Penelope Sewall',13.2,28205,'Home Office','North Carolina'),('IP43392','LP002262','Paul Van Hugh',13.2,94122,'Home Office','California'),('IP43393','LP002263','Neoma Murray',13.2,92503,'Consumer','California'),('IP43394','LP002265','Dionis Lloyd',13.2,94110,'Corporate','California'),('IP43395','LP002266','Christine Sundaresam',13.2,30076,'Consumer','Georgia'),('IP43396','LP002272','Frank Hawley',13.3,46350,'Corporate','Indiana'),('IP43397','LP002277','Nat Carroll',13.3,48911,'Consumer','Michigan'),('IP43398','LP002281','Alex Avila',13.3,55407,'Consumer','Minnesota'),('IP43399','LP002284','Larry Tron',13.2,92025,'Consumer','California'),('IP43400','LP002287','Anne Pryor',13.4,10035,'Home Office','New York'),('IP43401','LP002288','Paul MacIntyre',13.3,49201,'Consumer','Michigan'),('IP43402','LP002296','Alyssa Tate',13.2,90004,'Home Office','California'),('IP43403','LP002297','Cathy Armstrong',13.3,77070,'Home Office','Texas'),('IP43404','LP002300','Harold Ryan',13.2,98103,'Corporate','Washington'),('IP43405','LP002301','Bradley Talbott',13.2,90036,'Home Office','California'),('IP43406','LP002305','Larry Hughes',13.2,28205,'Consumer','North Carolina'),('IP43407','LP002308','Steven Ward',13.4,10009,'Corporate','New York'),('IP43408','LP002314','Stefania Perrino',13.4,19134,'Corporate','Pennsylvania'),('IP43409','LP002315','Ben Ferrer',13.2,90036,'Home Office','California'),('IP43410','LP002317','Kean Thornton',13.4,14215,'Consumer','New York'),('IP43411','LP002318','Brooke Gillingham',13.4,45231,'Corporate','Ohio'),('IP43412','LP002319','Greg Matthias',13.2,98105,'Consumer','Washington'),('IP43413','LP002328','Eva Jacobs',13.2,39503,'Consumer','Mississippi'),('IP43414','LP002332','Nora Preis',13.2,93727,'Consumer','California'),('IP43415','LP002335','Mick Hernandez',13.4,19013,'Home Office','Pennsylvania'),('IP43416','LP002337','Jocasta Rupert',13.2,32216,'Consumer','Florida'),('IP43417','LP002341','Suzanne McNair',13.2,27834,'Corporate','North Carolina'),('IP43418','LP002342','Chris Cortes',13.3,46350,'Consumer','Indiana'),('IP43419','LP002345','Phillip Flathmann',13.2,94122,'Consumer','California'),('IP43420','LP002347','Dan Campbell',13.2,35630,'Consumer','Alabama'),('IP43421','LP002348','Bryan Davis',13.3,77070,'Consumer','Texas'),('IP43422','LP002357','Gene McClure',13.4,2908,'Consumer','Rhode Island'),('IP43423','LP002361','Todd Boyes',13.4,10009,'Corporate','New York'),('IP43424','LP002362','Justin Hirsh',13.2,81001,'Consumer','Colorado'),('IP43425','LP002364','Erica Bern',13.2,94533,'Corporate','California'),('IP43426','LP002366','Quincy Jones',13.3,55106,'Corporate','Minnesota'),('IP43427','LP002367','Tracy Collins',13.2,22204,'Home Office','Virginia'),('IP43428','LP002368','Chuck Sachs',13.2,31907,'Consumer','Georgia'),('IP43429','LP002369','Henry Goldwyn',13.2,90032,'Corporate','California'),('IP43430','LP002370','Laurel Workman',13.2,32725,'Corporate','Florida'),('IP43431','LP002377','Matt Collins',13.4,45231,'Consumer','Ohio'),('IP43432','LP002379','Liz Preis',13.2,42071,'Consumer','Kentucky'),('IP43433','LP002386','Evan Bailliet',13.2,28403,'Consumer','North Carolina'),('IP43434','LP002387','George Zrebassa',13.4,1841,'Corporate','Massachusetts'),('IP43435','LP002390','Cathy Prescott',13.4,6360,'Corporate','Connecticut'),('IP43436','LP002393','Frank Gastineau',13.2,94110,'Home Office','California'),('IP43437','LP002398','Lisa DeCherney',13.2,94109,'Consumer','California'),('IP43438','LP002401','Alejandro Ballentine',13.4,44052,'Home Office','Ohio'),('IP43439','LP002403','Michael Nguyen',13.3,75220,'Consumer','Texas'),('IP43440','LP002407','Jim Radford',13.4,6457,'Consumer','Connecticut'),('IP43441','LP002408','Jamie Frazer',13.2,90008,'Consumer','California'),('IP43442','LP002409','Chad McGuire',13.4,10011,'Consumer','New York'),('IP43443','LP002418','Aaron Smayling',13.2,28540,'Corporate','North Carolina'),('IP43444','LP002422','Beth Paige',13.3,60201,'Consumer','Illinois'),('IP43445','LP002424','Natalie DeCherney',13.2,40214,'Consumer','Kentucky'),('IP43446','LP002429','Larry Blacks',13.3,76106,'Consumer','Texas'),('IP43447','LP002434','Kean Takahito',13.2,90049,'Consumer','California'),('IP43448','LP002435','Harry Marie',13.4,19120,'Corporate','Pennsylvania'),('IP43449','LP002443','Ann Blume',13.2,85705,'Corporate','Arizona'),('IP43450','LP002444','Sam Zeldin',13.2,90660,'Home Office','California'),('IP43451','LP002446','Michael Granlund',13.4,20735,'Home Office','Maryland'),('IP43452','LP002447','Julie Kriz',13.3,60505,'Home Office','Illinois'),('IP43453','LP002448','Paul Prost',13.2,30080,'Home Office','Georgia'),('IP43454','LP002449','Yana Sorensen',13.2,27217,'Corporate','North Carolina'),('IP43455','LP002453','Katherine Murray',13.2,24153,'Home Office','Virginia'),('IP43456','LP002455','Adrian Barton',13.2,85023,'Consumer','Arizona'),('IP43457','LP002459','Helen Abelman',13.4,10024,'Consumer','New York'),('IP43458','LP002467','Beth Thompson',13.2,92627,'Home Office','California'),('IP43459','LP002472','Stuart Van',13.3,77041,'Corporate','Texas'),('IP43460','LP002473','Rick Wilson',13.2,85204,'Corporate','Arizona'),('IP43461','LP002478','Damala Kotsonis',13.2,93905,'Corporate','California'),('IP43462','LP002484','Shui Tom',13.4,44134,'Consumer','Ohio'),('IP43463','LP002487','Michael Moore',13.2,94110,'Consumer','California'),('IP43464','LP002489','Pauline Webber',13.2,40475,'Corporate','Kentucky'),('IP43465','LP002493','Shaun Chance',13.2,80013,'Corporate','Colorado'),('IP43466','LP002494','Thais Sissman',13.2,85023,'Consumer','Arizona'),('IP43467','LP002500','Mark Cousins',13.2,36608,'Corporate','Alabama'),('IP43468','LP002501','Maria Etezadi',13.2,31907,'Home Office','Georgia'),('IP43469','LP002502','Nicole Hansen',13.3,75061,'Corporate','Texas'),('IP43470','LP002505','Mick Brown',13.4,8360,'Consumer','New Jersey'),('IP43471','LP002515','Keith Dawkins',13.4,10009,'Corporate','New York'),('IP43472','LP002517','Katherine Nockton',13.2,90004,'Corporate','California'),('IP43473','LP002519','Nora Pelletier',13.4,14304,'Home Office','New York'),('IP43474','LP002522','Cindy Stewart',13.2,27360,'Consumer','North Carolina'),('IP43475','LP002524','Maxwell Schwartz',13.4,10035,'Consumer','New York'),('IP43476','LP002527','Corinna Mitchell',13.2,90008,'Home Office','California'),('IP43477','LP002529','Corey-Lock',13.4,19143,'Consumer','Pennsylvania'),('IP43478','LP002530','Todd Sumrall',13.4,10035,'Corporate','New York'),('IP43479','LP002531','Jane Waco',13.2,98661,'Corporate','Washington'),('IP43480','LP002533','John Dryer',13.3,75019,'Consumer','Texas'),('IP43481','LP002534','Pauline Chand',13.2,90004,'Home Office','California'),('IP43482','LP002536','Andy Reiter',13.4,10024,'Consumer','New York'),('IP43483','LP002537','Arianne Irving',13.4,19120,'Consumer','Pennsylvania'),('IP43484','LP002541','Tom Boeckenhauer',13.2,98105,'Consumer','Washington'),('IP43485','LP002543','Paul Lucas',13.3,60610,'Home Office','Illinois'),('IP43486','LP002544','Gary Hwang',13.2,85705,'Consumer','Arizona'),('IP43487','LP002545','Mike Pelletier',13.2,92677,'Home Office','California'),('IP43488','LP002547','Jim Mitchum',13.4,8302,'Corporate','New Jersey'),('IP43489','LP002555','Carl Ludwig',13.4,2149,'Consumer','Massachusetts'),('IP43490','LP002556','Deborah Brumfield',13.2,92024,'Home Office','California'),('IP43491','LP002560','Ivan Gibson',13.2,92024,'Consumer','California'),('IP43492','LP002562','Bobby Odegard',13.2,40475,'Consumer','Kentucky'),('IP43493','LP002571','Aimee Bixby',13.4,11561,'Consumer','New York'),('IP43494','LP002582','Julia West',13.4,19140,'Consumer','Pennsylvania'),('IP43495','LP002585','Edward Becker',13.2,98103,'Corporate','Washington'),('IP43496','LP002586','Sheri Gordon',13.4,10011,'Consumer','New York'),('IP43497','LP002587','Charlotte Melton',13.4,19134,'Consumer','Pennsylvania'),('IP43498','LP002588','Anthony Witt',13.3,75002,'Consumer','Texas'),('IP43499','LP002600','Mick Crebagga',13.3,79907,'Consumer','Texas'),('IP43500','LP002602','Tonja Turnell',13.3,60505,'Home Office','Illinois'),('IP43501','LP002603','Vivek Grady',13.2,23464,'Corporate','Virginia'),('IP43502','LP002606','Muhammed Yedwab',13.3,76051,'Corporate','Texas'),('IP43503','LP002615','Rick Duston',13.2,98502,'Consumer','Washington'),('IP43504','LP002618','Dennis Pardue',13.3,61604,'Home Office','Illinois'),('IP43505','LP002619','Marina Lichtenstein',13.2,90008,'Corporate','California'),('IP43506','LP002622','Jenna Caffey',13.2,98031,'Consumer','Washington'),('IP43507','LP002624','James Galang',13.2,90049,'Consumer','California'),('IP43508','LP002625','Marc Crier',13.2,70506,'Consumer','Louisiana'),('IP43509','LP002626','Natalie Webber',13.2,97224,'Consumer','Oregon'),('IP43510','LP002634','Toby Braunhardt',13.4,20016,'Consumer','District of Columbia'),('IP43511','LP002637','Bill Stewart',13.3,60076,'Corporate','Illinois'),('IP43512','LP002640','Hilary Holden',13.2,94110,'Corporate','California'),('IP43513','LP002643','Christina DeMoss',13.2,98105,'Consumer','Washington'),('IP43514','LP002648','Thea Hendricks',13.2,90045,'Consumer','California'),('IP43515','LP002652','Michelle Moray',13.2,98115,'Consumer','Washington'),('IP43516','LP002659','Neola Schneider',13.3,75217,'Consumer','Texas'),('IP43517','LP002670','Robert Barroso',13.2,89031,'Corporate','Nevada'),('IP43518','LP002682','Shaun Weien',13.2,23434,'Consumer','Virginia'),('IP43519','LP002683','Eric Barreto',13.2,94110,'Consumer','California'),('IP43520','LP002684','Pamela Stobb',13.2,90008,'Consumer','California'),('IP43521','LP002689','Herbert Flentye',13.3,46203,'Consumer','Indiana'),('IP43522','LP002690','Henia Zydlo',13.4,43229,'Consumer','Ohio'),('IP43523','LP002692','Cynthia Delaney',13.2,92037,'Home Office','California'),('IP43524','LP002693','Jamie Kunitz',13.2,94122,'Consumer','California'),('IP43525','LP002697','Filia McAdams',13.4,43017,'Corporate','Ohio'),('IP43526','LP002699','Emily Ducich',13.2,92037,'Home Office','California'),('IP43527','LP002705','Dianna Arnett',13.3,77095,'Home Office','Texas'),('IP43528','LP002706','Joni Wasserman',13.2,94601,'Consumer','California'),('IP43529','LP002714','Raymond Messe',13.3,77095,'Consumer','Texas'),('IP43530','LP002716','Max Ludwig',13.2,23434,'Home Office','Virginia'),('IP43531','LP002717','Craig Carroll',13.2,27405,'Consumer','North Carolina'),('IP43532','LP002720','Jim Epp',13.3,53209,'Corporate','Wisconsin'),('IP43533','LP002723','Roy Phan',13.3,53142,'Corporate','Wisconsin'),('IP43534','LP002729','Thomas Boland',13.3,77041,'Corporate','Texas'),('IP43535','LP002731','Brad Eason',13.3,66062,'Home Office','Kansas'),('IP43536','LP002732','Jill Fjeld',13.3,75081,'Consumer','Texas'),('IP43537','LP002734','Phillip Breyer',13.3,74133,'Corporate','Oklahoma'),('IP43538','LP002738','Brian Thompson',13.4,43055,'Consumer','Ohio'),('IP43539','LP002739','Janet Lee',13.3,60623,'Consumer','Illinois'),('IP43540','LP002740','Cathy Hwang',13.2,27604,'Home Office','North Carolina'),('IP43541','LP002741','Neil Ducich',13.2,31204,'Corporate','Georgia'),('IP43542','LP002743','Barbara Fisher',13.2,28205,'Corporate','North Carolina'),('IP43543','LP002753','Katharine Harms',13.2,42104,'Corporate','Kentucky'),('IP43544','LP002755','Giulietta Weimer',13.2,98115,'Consumer','Washington'),('IP43545','LP002757','Noah Childs',13.2,80013,'Corporate','Colorado'),('IP43546','LP002767','Michelle Ellison',13.2,94122,'Corporate','California'),('IP43547','LP002768','Benjamin Patterson',13.2,99207,'Consumer','Washington'),('IP43548','LP002772','John Castell',13.3,78207,'Consumer','Texas'),('IP43549','LP002776','Adam Shillingsburg',13.2,22901,'Consumer','Virginia'),('IP43550','LP002777','Amy Cox',13.3,55407,'Consumer','Minnesota'),('IP43551','LP002778','Michael Dominguez',13.3,46203,'Corporate','Indiana'),('IP43552','LP002784','Duane Benoit',13.4,11572,'Consumer','New York'),('IP43553','LP002785','Erica Hackney',13.2,30076,'Consumer','Georgia'),('IP43554','LP002788','Edward Hooks',13.4,13601,'Corporate','New York'),('IP43555','LP002789','Scot Coram',13.3,76017,'Corporate','Texas'),('IP43556','LP002792','Joe Elijah',13.2,80020,'Consumer','Colorado'),('IP43557','LP002794','Ann Chong',13.4,10009,'Corporate','New York'),('IP43558','LP002795','Joy Daniels',13.3,60610,'Consumer','Illinois'),('IP43559','LP002798','Christy Brittain',13.4,43229,'Consumer','Ohio'),('IP43560','LP002804','Joy Smith',13.3,77036,'Consumer','Texas'),('IP43561','LP002807','Luke Weiss',13.2,91104,'Consumer','California'),('IP43562','LP002813','Stuart Calhoun',13.3,77041,'Consumer','Texas'),('IP43563','LP002820','Anne McFarland',13.2,36830,'Consumer','Alabama'),('IP43564','LP002821','Rick Huthwaite',13.4,2908,'Home Office','Rhode Island'),('IP43565','LP002832','Carol Triggs',13.3,55901,'Consumer','Minnesota'),('IP43566','LP002833','Matt Collister',13.4,8861,'Corporate','New Jersey'),('IP43567','LP002836','Corey Catlett',13.4,19134,'Corporate','Pennsylvania'),('IP43568','LP002837','Kelly Andreada',13.2,91761,'Consumer','California'),('IP43569','LP002840','Tamara Chand',13.2,98105,'Corporate','Washington'),('IP43570','LP002841','Bart Folk',13.4,21215,'Consumer','Maryland'),('IP43571','LP002842','Magdelene Morse',13.4,19805,'Consumer','Delaware'),('IP43572','LP002847','Adrian Hane',13.2,85705,'Home Office','Arizona'),('IP43573','LP002855','Ben Wallace',13.2,33437,'Consumer','Florida'),('IP43574','LP002862','Scot Wooten',13.2,95207,'Consumer','California'),('IP43575','LP002863','Brian Stugart',13.4,19143,'Consumer','Pennsylvania'),('IP43576','LP002868','Randy Ferguson',13.4,3820,'Corporate','New Hampshire'),('IP43577','LP002872','William Brown',13.4,19134,'Consumer','Pennsylvania'),('IP43578','LP002874','Trudy Brown',13.3,75051,'Consumer','Texas'),('IP43579','LP002877','Art Ferguson',13.3,77840,'Consumer','Texas'),('IP43580','LP002888','Richard Bierner',13.3,63116,'Consumer','Missouri'),('IP43581','LP002892','Karen Ferguson',13.2,95336,'Home Office','California'),('IP43582','LP002893','John Huston',13.4,44240,'Consumer','Ohio'),('IP43583','LP002894','Ivan Liston',13.2,94122,'Consumer','California'),('IP43584','LP002898','Patrick Bzostek',13.2,84106,'Home Office','Utah'),('IP43585','LP002911','Rob Haberlin',13.2,35810,'Consumer','Alabama'),('IP43586','LP002912','Arthur Wiediger',13.3,60505,'Home Office','Illinois'),('IP43587','LP002916','Maris LaWare',13.4,6824,'Consumer','Connecticut'),('IP43588','LP002917','Dorothy Badders',13.2,32216,'Corporate','Florida'),('IP43589','LP002925','Matt Hagelstein',13.2,94110,'Corporate','California'),('IP43590','LP002926','Dennis Kane',13.4,43302,'Consumer','Ohio'),('IP43591','LP002928','Bobby Trafton',13.2,80122,'Consumer','Colorado'),('IP43592','LP002931','Denny Blanton',13.3,46350,'Consumer','Indiana'),('IP43593','LP002933','Toby Gnade',13.2,90049,'Consumer','California'),('IP43594','LP002936','Barry Franz',13.2,91104,'Home Office','California'),('IP43595','LP002938','Justin MacKendrick',13.2,90004,'Consumer','California'),('IP43596','LP002940','Maria Zettner',13.2,92024,'Home Office','California'),('IP43597','LP002941','Mitch Webber',13.4,10035,'Consumer','New York'),('IP43598','LP002943','Mark Van Huff',13.2,22204,'Consumer','Virginia'),('IP43599','LP002945','Sean Miller',13.2,28110,'Home Office','North Carolina'),('IP43600','LP002948','Tom Prescott',13.2,98115,'Consumer','Washington'),('IP43601','LP002949','Jim Karlsson',13.2,98115,'Consumer','Washington'),('IP43602','LP002950','Patrick Jones',13.2,37130,'Corporate','Tennessee'),('IP43603','LP002953','Ricardo Sperren',13.2,98115,'Corporate','Washington'),('IP43604','LP002958','Susan Vittorini',13.4,10009,'Consumer','New York'),('IP43605','LP002959','Becky Castell',13.2,85345,'Home Office','Arizona'),('IP43606','LP002960','Elizabeth Moffitt',13.3,57103,'Corporate','South Dakota'),('IP43607','LP002961','Brendan Murry',13.4,10035,'Corporate','New York'),('IP43608','LP002964','Kristina Nunn',13.2,80525,'Home Office','Colorado'),('IP43609','LP002974','Kelly Williams',13.2,37042,'Consumer','Tennessee'),('IP43610','LP002978','Scott Cohen',13.2,94122,'Corporate','California'),('IP43611','LP002979','Christina VanderZanden',13.2,93727,'Consumer','California'),('IP43612','LP002983','Speros Goranitis',13.4,10009,'Consumer','New York'),('IP43613','LP002984','Tamara Manning',13.2,94122,'Consumer','California'),('IP43614','LP002990','Eleni McCrary',13.2,90036,'Corporate','California');
/*!40000 ALTER TABLE `country_state` ENABLE KEYS */;
UNLOCK TABLES;

--
-- Table structure for table `cus_det`
--

DROP TABLE IF EXISTS `cus_det`;
/*!40101 SET @saved_cs_client     = @@character_set_client */;
/*!50503 SET character_set_client = utf8mb4 */;
CREATE TABLE `cus_det` (
  `customer_id` text,
  `Customer_name` text,
  `Gender` text,
  `Age` int DEFAULT NULL,
  `Married` text,
  `Education` text,
  `Self_Employed` text,
  `Loan_Id` text,
  `Region_id` double DEFAULT NULL
) ENGINE=InnoDB DEFAULT CHARSET=utf8mb4 COLLATE=utf8mb4_0900_ai_ci;
/*!40101 SET character_set_client = @saved_cs_client */;

--
-- Dumping data for table `cus_det`
--

LOCK TABLES `cus_det` WRITE;
/*!40000 ALTER TABLE `cus_det` DISABLE KEYS */;
INSERT INTO `cus_det` VALUES ('IP43001','Claire Gute','Male',50,'No','Graduate','No','LP001002',13.2),('IP43002','Darrin Van Huff','Male',66,'Yes','Graduate','No','LP001003',13.2),('IP43003','Sean O\'Donnell','Male',20,'Yes','Graduate','Yes','LP001005',13.2),('IP43004','Brosina Hoffman','Male',46,'Yes','Not Graduate','No','LP001006',13.2),('IP43005','Andrew Allen','Male',18,'No','Graduate','No','LP001008',13.2),('IP43006','Irene Maddox','female',66,'Yes','Graduate','Yes','LP001011',13.2),('IP43007','Harold Pawlan','Male',45,'Yes','Not Graduate','No','LP001013',13.3),('IP43008','Pete Kriz','Male',41,'Yes','Graduate','No','LP001014',13.3),('IP43009','Alejandro Grove','Male',32,'Yes','Graduate','No','LP001018',13.2),('IP43010','Zuschuss Donatelli','Male',21,'Yes','Graduate','No','LP001020',13.2),('IP43011','Ken Black','Male',48,'Yes','Graduate','No','LP001024',13.3),('IP43012','Sandra Flanagan','Male',19,'Yes','Graduate',NULL,'LP001027',13.4),('IP43013','Emily Burns','Male',28,'Yes','Graduate','No','LP001028',13.2),('IP43014','Eric Hoffmann','Male',46,'No','Graduate','No','LP001029',13.2),('IP43015','Tracy Blumstein','Male',31,'Yes','Graduate','No','LP001030',13.4),('IP43016','Matt Abelman','female',51,'No','Graduate','No','LP001032',13.3),('IP43017','Gene Hale','Male',20,'No','Not Graduate','No','LP001034',13.3),('IP43018','Steve Nguyen','male',27,'No','Graduate','No','LP001036',13.3),('IP43019','Linda Cazamias','Male',64,'Yes','Not Graduate','No','LP001038',13.3),('IP43020','Ruben Ausman','Male',66,'Yes','Graduate',NULL,'LP001041',13.2),('IP43021','Erin Smith','Male',40,'Yes','Not Graduate','No','LP001043',13.2),('IP43022','Odella Nelson','Male',23,'Yes','Graduate','No','LP001046',13.3),('IP43023','Patrick O\'Donnell','Male',34,'Yes','Not Graduate','No','LP001047',13.3),('IP43024','Lena Hernandez','Male',69,'Yes','Not Graduate','No','LP001050',13.4),('IP43025','Darren Powers','Male',31,'Yes','Graduate',NULL,'LP001052',13.3),('IP43026','Janet Molinari','Male',45,'Yes','Graduate','Yes','LP001066',13.4),('IP43027','Ted Butterfield','Male',59,'Yes','Graduate','No','LP001068',13.4),('IP43028','Kunst Miller','Male',35,'Yes','Not Graduate','No','LP001073',13.2),('IP43029','Paul Stevenson','Male',25,'No','Not Graduate','No','LP001086',13.3),('IP43030','Brendan Sweed','Female',29,'No','Graduate',NULL,'LP001087',13.2),('IP43031','Karen Daniels','Male',18,'Yes','Graduate',NULL,'LP001091',13.2),('IP43032','Henry MacAllister','Male',42,'No','Graduate','No','LP001095',13.4),('IP43033','Joel Eaton','Male',56,'No','Graduate','Yes','LP001097',13.2),('IP43034','Ken Brennan','Male',33,'Yes','Graduate','No','LP001098',13.3),('IP43035','Stewart Carmichael','Male',64,'No','Graduate','No','LP001100',13.2),('IP43036','Duane Noonan','Male',64,'Yes','Graduate','No','LP001106',13.2),('IP43037','Julie Creighton','Male',33,'Yes','Graduate','No','LP001109',13.2),('IP43038','Christopher Schild','male',70,'Yes','Graduate','No','LP001112',13.3),('IP43039','Paul Gonzalez','Male',63,'No','Graduate','No','LP001114',13.3),('IP43040','Gary Mitchum','Male',35,'No','Not Graduate','No','LP001116',13.3),('IP43041','Jim Sink','Male',33,'No','Graduate','No','LP001119',13.2),('IP43042','Karl Braun','Male',56,'No','Graduate','No','LP001120',13.3),('IP43043','Roger Barcio','Male',18,'Yes','Graduate','No','LP001123',13.2),('IP43044','Parhena Norris','Male',64,'Yes','Graduate','No','LP001131',13.4),('IP43045','Katherine Ducich','Male',63,'Yes','Not Graduate','Yes','LP001136',13.2),('IP43046','Elpida Rittenbach','Female',62,'No','Graduate','No','LP001137',13.3),('IP43047','Rick Bensley','Male',31,'Yes','Graduate','No','LP001138',13.3),('IP43048','Gary Zandusky','Male',55,'Yes','Graduate','No','LP001144',13.3),('IP43049','Lena Cacioppo','Female',36,'Yes','Graduate','No','LP001146',13.2),('IP43050','Janet Martin','Female',34,'No','Graduate','No','LP001151',13.2),('IP43051','Pete Armstrong','Female',24,'Yes','Not Graduate','No','LP001155',13.3),('IP43052','Cynthia Voltz','Female',51,'No','Graduate','No','LP001157',13.4),('IP43053','Clay Ludtke','Female',28,'No','Graduate','No','LP001164',13.3),('IP43054','Ryan Crowe','Male',52,'Yes','Graduate','No','LP001179',13.4),('IP43055','Dave Kipp','Female',30,'Yes','Graduate','Yes','LP001186',13.2),('IP43056','Greg Guthrie','Male',33,'Yes','Graduate','No','LP001194',13.2),('IP43057','Steven Cartwright','Male',66,'Yes','Graduate','No','LP001195',13.4),('IP43058','Alan Dominguez','Male',62,'Yes','Graduate','No','LP001197',13.3),('IP43059','Philip Fox','Male',31,'Yes','Graduate','No','LP001198',13.3),('IP43060','Troy Staebel','Male',57,'Yes','Not Graduate','No','LP001199',13.2),('IP43061','Lindsay Shagiari','Male',60,'Yes','Graduate','No','LP001205',13.2),('IP43062','Dorothy Wardle','Male',52,'Yes','Graduate','No','LP001206',13.4),('IP43063','Lena Creighton','Male',48,'Yes','Not Graduate','Yes','LP001207',13.2),('IP43064','Jonathan Doherty','Male',26,'Yes','Graduate','No','LP001213',13.4),('IP43065','Sally Hughsby','Female',49,'No','Graduate','No','LP001222',13.2),('IP43066','Sandra Glassco','Male',61,'Yes','Graduate','No','LP001225',13.3),('IP43067','Helen Andreada','Male',18,'No','Not Graduate','No','LP001228',13.2),('IP43068','Maureen Gastineau','Male',61,'Yes','Graduate','No','LP001233',13.4),('IP43069','Justin Ellison','Male',50,'Yes','Not Graduate','Yes','LP001238',13.3),('IP43070','Tamara Willingham','Female',64,'No','Graduate','No','LP001241',13.2),('IP43071','Stephanie Phelps','Male',67,'Yes','Graduate','No','LP001243',13.2),('IP43072','Neil Knudson','Male',46,'Yes','Not Graduate','Yes','LP001245',13.2),('IP43073','Dave Brooks','Male',26,'No','Graduate','No','LP001248',13.2),('IP43074','Nora Paige','Male',40,'Yes','Not Graduate','No','LP001250',13.3),('IP43075','Ted Trevino','Male',67,'Yes','Graduate','Yes','LP001253',13.2),('IP43076','Eric Murdock','Male',51,'No','Graduate','No','LP001255',13.4),('IP43077','Ruben Dartt','Male',39,'No','Graduate','No','LP001256',13.2),('IP43078','Max Jones','Male',69,'Yes','Graduate','Yes','LP001259',13.2),('IP43079','Becky Martin','Male',31,'Yes','Graduate','No','LP001263',13.3),('IP43080','Chad Sievert','Male',20,'Yes','Not Graduate','Yes','LP001264',13.2),('IP43081','Jennifer Braxton','Female',57,'No','Graduate','No','LP001265',13.3),('IP43082','Shirley Jackson','Male',44,'Yes','Graduate','Yes','LP001266',13.3),('IP43083','Jim Kriz','Female',45,'Yes','Graduate','No','LP001267',13.4),('IP43084','David Kendrick','Male',45,'Yes','Graduate','No','LP001273',13.3),('IP43085','Robert Marley','Male',61,'Yes','Graduate','No','LP001275',13.2),('IP43086','Sally Knutson','Male',52,'No','Graduate','No','LP001279',13.4),('IP43087','Frank Merwin','Male',43,'Yes','Not Graduate','No','LP001280',13.2),('IP43088','Alice McCarthy','Male',69,'Yes','Graduate','No','LP001282',13.3),('IP43089','Mark Packer','Male',49,'No','Graduate','No','LP001289',13.4),('IP43090','Mary Zewe','Male',43,'Yes','Graduate','No','LP001310',13.2),('IP43091','Cassandra Brandow','Male',59,'Yes','Graduate','No','LP001316',13.4),('IP43092','Valerie Mitchum','Male',22,'Yes','Graduate','No','LP001318',13.4),('IP43093','Fred Hopkins','Male',27,'Yes','Not Graduate','No','LP001319',13.4),('IP43094','Maria Bertelson','Male',62,'No','Graduate','No','LP001322',13.4),('IP43095','Bruce Stewart','Male',51,'No','Not Graduate','No','LP001325',13.2),('IP43096','Logan Currie','Male',67,'No','Graduate',NULL,'LP001326',13.3),('IP43097','Heather Kirkland','Female',62,'Yes','Graduate','No','LP001327',13.2),('IP43098','Laurel Elliston','Male',40,'Yes','Graduate','No','LP001333',13.2),('IP43099','Joseph Holt','Male',25,'Yes','Not Graduate','No','LP001334',13.3),('IP43100','Michael Stewart','Male',41,'Yes','Graduate','No','LP001343',13.3),('IP43101','Victoria Wilson','Male',69,'Yes','Not Graduate','No','LP001345',13.4),('IP43102','Jonathan Howell','Male',61,'No','Graduate','No','LP001349',13.2),('IP43103','Joni Blumstein','Male',60,'Yes','Graduate','No','LP001350',13.4),('IP43104','David Smith','Male',43,'Yes','Graduate','No','LP001356',13.3),('IP43105','Valerie Dominguez','Male',25,'','Graduate','No','LP001357',13.2),('IP43106','Erin Ashbrook','Male',43,'Yes','Graduate','No','LP001367',13.2),('IP43107','David Bremer','Male',39,'Yes','Graduate','No','LP001369',13.2),('IP43108','Ken Lonsdale','Male',48,'No','Not Graduate',NULL,'LP001370',13.3),('IP43109','Dianna Wilson','Male',68,'Yes','Graduate','No','LP001379',13.3),('IP43110','Logan Haushalter','Male',22,'Yes','Not Graduate','No','LP001384',13.2),('IP43111','Kelly Collister','Male',68,'No','Graduate','No','LP001385',13.2),('IP43112','Delfina Latchford','Female',41,'Yes','Graduate',NULL,'LP001387',13.4),('IP43113','Dan Reichenbach','Male',54,'Yes','Not Graduate','No','LP001391',13.3),('IP43114','Craig Carreira','Female',58,'No','Graduate','Yes','LP001392',13.4),('IP43115','Dorris liebe','Male',63,'No','Graduate',NULL,'LP001398',13.3),('IP43116','Sean Braxton','Male',68,'Yes','Graduate','No','LP001401',13.3),('IP43117','Roy Collins','Female',36,'Yes','Graduate','No','LP001404',13.3),('IP43118','Alan Hwang','Male',41,'Yes','Graduate','No','LP001405',13.2),('IP43119','Claudia Bergmann','Male',24,'Yes','Graduate','No','LP001421',13.2),('IP43120','Christine Abelman','Female',39,'No','Graduate','No','LP001422',13.4),('IP43121','Kristen Hastings','Male',67,'Yes','Graduate','No','LP001426',13.2),('IP43122','Barry Blumstein','Female',23,'No','Graduate','No','LP001430',13.2),('IP43123','Andrew Gjertsen','Female',60,'No','Graduate','No','LP001431',13.4),('IP43124','Jas O\'Carroll','Male',31,'Yes','Graduate','No','LP001432',13.2),('IP43125','Alan Haines','Male',46,'Yes','Not Graduate','No','LP001439',13.2),('IP43126','Nick Zandusky','Female',66,'No','Graduate','No','LP001443',13.4),('IP43127','Kelly Lampkin','Male',48,'Yes','Graduate','No','LP001448',13.2),('IP43128','Alan Schoenberger','Male',21,'No','Graduate','No','LP001449',13.4),('IP43129','Corey Roper','Male',69,'Yes','Graduate','Yes','LP001451',13.4),('IP43130','Shahid Hopkins','Male',38,'Yes','Graduate','No','LP001465',13.2),('IP43131','Ben Peterman','Male',21,'No','Graduate','Yes','LP001469',13.2),('IP43132','Thomas Seio','Male',34,'No','Graduate','No','LP001473',13.4),('IP43133','Andy Gerbode','Male',32,'No','Graduate','No','LP001478',13.2),('IP43134','Sung Pak','Male',67,'Yes','Graduate','Yes','LP001482',13.4),('IP43135','Nathan Mautz','Male',59,'No','Graduate','No','LP001487',13.4),('IP43136','Frank Atkinson','Male',70,'Yes','Graduate','No','LP001488',13.2),('IP43137','Grace Kelly','Female',19,'Yes','Graduate','No','LP001489',13.2),('IP43138','Don Jones','Male',69,'Yes','Graduate','Yes','LP001491',13.2),('IP43139','Patrick O\'Brill','Male',42,'No','Graduate','No','LP001492',13.4),('IP43140','John Lucas','Male',19,'Yes','Not Graduate','No','LP001493',13.4),('IP43141','Doug Bickford','Male',25,'Yes','Graduate','No','LP001497',13.2),('IP43142','Alyssa Crouse','Male',48,'No','Graduate','No','LP001498',13.2),('IP43143','Clay Cheatham','Male',27,'No','Graduate','Yes','LP001504',13.2),('IP43144','Tamara Dahlen','Male',48,'Yes','Graduate','No','LP001507',13.4),('IP43145','Adam Bellavance','Male',70,'Yes','Graduate','No','LP001508',13.4),('IP43146','Jeremy Lonsdale','Female',20,'Yes','Graduate','No','LP001514',13.4),('IP43147','Victoria Brennan','Female',53,'Yes','Graduate','No','LP001516',13.2),('IP43148','Katrina Willman','Male',56,'Yes','Graduate','No','LP001518',13.4),('IP43149','Julia Dunbar','Female',59,'No','Graduate','No','LP001519',13.2),('IP43150','Michael Kennedy','Male',66,'Yes','Graduate','No','LP001520',13.4),('IP43151','Guy Thornton','Male',47,'No','Graduate','No','LP001528',13.3),('IP43152','Arthur Gainer','Male',53,'Yes','Graduate','Yes','LP001529',13.2),('IP43153','Muhammed MacIntyre','Male',59,'No','Graduate','No','LP001531',13.3),('IP43154','Allen Rosenblatt','Male',25,'Yes','Not Graduate','No','LP001532',13.4),('IP43155','Russell Applegate','Male',36,'No','Graduate','No','LP001535',13.3),('IP43156','Alejandro Savely','Male',50,'Yes','Graduate','No','LP001536',13.2),('IP43157','Laura Armstrong','Male',66,'Yes','Graduate','No','LP001541',13.3),('IP43158','Denny Ordway','Male',63,'Yes','Graduate','No','LP001543',13.2),('IP43159','Dean Katz','Male',30,'No','Graduate',NULL,'LP001546',13.4),('IP43160','Nathan Gelder','Male',35,'Yes','Graduate','No','LP001552',13.4),('IP43161','Mike Vittorini','Male',33,'Yes','Not Graduate','No','LP001560',13.4),('IP43162','Jack Garza','Male',69,'Yes','Graduate','No','LP001562',13.2),('IP43163','Bart Pistole','Male',36,'Yes','Graduate','No','LP001565',13.3),('IP43164','Victor Preis','Male',57,'Yes','Graduate','No','LP001570',13.2),('IP43165','Saphhira Shifley','Male',27,'Yes','Graduate','No','LP001572',13.4),('IP43166','Anna Gayman','Male',31,'Yes','Graduate','No','LP001574',13.3),('IP43167','Luke Foster','Female',64,'Yes','Graduate','No','LP001577',13.2),('IP43168','Roy Franzosisch','Male',30,'Yes','Graduate','No','LP001578',13.4),('IP43169','Keith Herrera','Male',18,'No','Graduate','No','LP001579',13.2),('IP43170','Kimberly Carter','Male',23,'Yes','Graduate','No','LP001580',13.2),('IP43171','Caroline Jumper','Male',70,'Yes','Not Graduate',NULL,'LP001581',13.2),('IP43172','Philip Brown','Male',34,'Yes','Graduate','No','LP001585',13.2),('IP43173','Michael Paige','Male',60,'Yes','Not Graduate','No','LP001586',13.4),('IP43174','Natalie Fritzler','Male',22,'Yes','Graduate','No','LP001594',13.2),('IP43175','Shirley Daniels','Male',46,'Yes','Not Graduate','Yes','LP001603',13.4),('IP43176','Ken Heidel','Male',60,'Yes','Graduate','No','LP001606',13.3),('IP43177','Ross Baird','Male',50,'Yes','Graduate','No','LP001608',13.2),('IP43178','Mike Kennedy','Male',70,'Yes','Graduate','No','LP001610',13.2),('IP43179','Philisse Overcash','Male',41,'Yes','Graduate','No','LP001616',13.3),('IP43180','Brenda Bowman','Male',27,'No','Not Graduate','No','LP001630',13.3),('IP43181','Troy Blackwell','Male',37,'Yes','Graduate','No','LP001633',13.3),('IP43182','Raymond Buch','Male',26,'No','Graduate','No','LP001634',13.4),('IP43183','Ed Braxton','Male',51,'Yes','Graduate','No','LP001636',13.4),('IP43184','Sanjit Chand','Male',54,'Yes','Graduate','No','LP001637',13.2),('IP43185','Tanja Norvell','Female',30,'Yes','Graduate','No','LP001639',13.2),('IP43186','Joni Sundaresam','Male',26,'Yes','Graduate','Yes','LP001640',13.3),('IP43187','Maya Herman','Male',32,'Yes','Graduate','Yes','LP001641',13.4),('IP43188','Jeremy Pistek','Male',48,'Yes','Graduate','No','LP001643',13.2),('IP43189','Jeremy Ellison','Male',69,'Yes','Graduate','Yes','LP001644',13.4),('IP43190','John Grady','Male',34,'Yes','Graduate','No','LP001647',13.4),('IP43191','Xylona Preis','Male',31,'No','Not Graduate','No','LP001653',13.2),('IP43192','Erin Mull','Male',30,'No','Graduate','No','LP001656',13.4),('IP43193','Michelle Tran','Male',51,'Yes','Not Graduate','No','LP001657',13.2),('IP43194','Sue Ann Reed','Male',25,'No','Graduate','No','LP001658',13.3),('IP43195','Carl Weiss','Male',31,'No','Graduate','No','LP001664',13.3),('IP43196','Astrea Jones','Male',70,'Yes','Graduate','No','LP001665',13.4),('IP43197','Sonia Sunley','Male',19,'No','Graduate','No','LP001666',13.2),('IP43198','Rose O\'Brian','Female',59,'No','Not Graduate','No','LP001669',13.2),('IP43199','Maribeth Dona','Female',63,'Yes','Graduate','No','LP001671',13.2),('IP43200','Maribeth Yedwab','Male',41,'No','Graduate','Yes','LP001673',13.2),('IP43201','Christopher Martinez','Male',49,'Yes','Not Graduate','No','LP001674',13.2),('IP43202','Lynn Smith','Male',40,'No','Graduate','No','LP001677',13.3),('IP43203','Bradley Nguyen','Male',55,'Yes','Not Graduate','No','LP001682',13.2),('IP43204','Dean Braden','Male',51,'Yes','Not Graduate','No','LP001688',13.3),('IP43205','Matt Connell','Male',42,'Yes','Not Graduate','No','LP001691',13.3),('IP43206','Brian Dahlen','Female',39,'No','Not Graduate','No','LP001692',13.4),('IP43207','Patricia Hirasaki','Female',53,'No','Graduate','No','LP001693',13.2),('IP43208','Mike Gockenbach','Male',22,'No','Not Graduate','No','LP001698',13.4),('IP43209','Karen Bern','Male',38,'No','Graduate','No','LP001699',13.2),('IP43210','Jasper Cacioppo','Male',58,'No','Graduate','No','LP001702',13.2),('IP43211','Rob Lucas','Female',47,'No','Graduate','No','LP001708',13.2),('IP43212','Allen Armold','Male',32,'Yes','Graduate','No','LP001711',13.2),('IP43213','Emily Phan','Male',65,'Yes','Graduate','Yes','LP001713',13.3),('IP43214','Darren Koutras','Male',68,'Yes','Not Graduate','Yes','LP001715',13.2),('IP43215','Bradley Drucker','Male',67,'Yes','Graduate','No','LP001716',13.3),('IP43216','Liz MacKendrick','Male',62,'Yes','Not Graduate','No','LP001720',13.4),('IP43217','Adrian Shami','Male',39,'Yes','Graduate','No','LP001722',13.4),('IP43218','Bill Donatelli','Male',22,'Yes','Graduate','No','LP001726',13.2),('IP43219','Greg Tran','Male',57,'Yes','Graduate',NULL,'LP001732',13.3),('IP43220','Ashley Jarboe','Female',38,'Yes','Graduate','No','LP001734',13.2),('IP43221','Olvera Toch','Male',20,'Yes','Graduate','No','LP001736',13.2),('IP43222','Liz Pelletier','Male',25,'Yes','Graduate','No','LP001743',13.2),('IP43223','Cynthia Arntzen','Male',40,'No','Graduate','No','LP001744',13.2),('IP43224','Jeremy Farry','Male',38,'Yes','Graduate','No','LP001749',13.2),('IP43225','Frank Preis','Male',41,'Yes','Graduate','No','LP001750',13.2),('IP43226','Ellis Ballard','Male',18,'Yes','Graduate','No','LP001751',13.2),('IP43227','Jennifer Ferguson','Male',21,'Yes','Not Graduate','Yes','LP001754',13.4),('IP43228','Sarah Foster','Male',60,'Yes','Graduate','No','LP001758',13.2),('IP43229','Trudy Glocke','Male',36,'','Graduate','No','LP001760',13.2),('IP43230','Carlos Soltero','Male',61,'No','Graduate','Yes','LP001761',13.3),('IP43231','Charles Crestani','Male',61,'Yes','Graduate','No','LP001765',13.2),('IP43232','Dianna Vittorini','Male',35,'Yes','Graduate',NULL,'LP001768',13.2),('IP43233','Bruce Degenhardt','Male',64,'No','Not Graduate','No','LP001770',13.2),('IP43234','Zuschuss Carroll','Female',61,'No','Graduate','No','LP001776',13.2),('IP43235','Melanie Seite','Male',68,'Yes','Graduate','No','LP001778',13.3),('IP43236','Lena Radford','Male',58,'Yes','Graduate','No','LP001784',13.2),('IP43237','Theone Pippenger','Male',42,'Yes','Graduate',NULL,'LP001786',13.4),('IP43238','Chloris Kastensmidt','Female',62,'No','Graduate','Yes','LP001788',13.4),('IP43239','Alan Shonely','Female',60,'No','Graduate','No','LP001790',13.2),('IP43240','Andrew Roberts','Male',57,'Yes','Graduate','No','LP001792',13.4),('IP43241','Nona Balk','Male',49,'Yes','Graduate','No','LP001798',13.3),('IP43242','Giulietta Dortch','Male',64,'Yes','Not Graduate','No','LP001800',13.4),('IP43243','Clytie Kelty','Male',22,'No','Graduate','No','LP001806',13.4),('IP43244','Nat Gilpin','Male',30,'Yes','Graduate','Yes','LP001807',13.4),('IP43245','Christina Anderson','Male',30,'Yes','Not Graduate','No','LP001811',13.3),('IP43246','Sylvia Foulston','Male',21,'No','Graduate','Yes','LP001813',13.3),('IP43247','Meg O\'Connel','Male',50,'Yes','Graduate','No','LP001814',13.4),('IP43248','Annie Thurman','Male',37,'Yes','Not Graduate','No','LP001819',13.2),('IP43249','Fred McMath','Male',57,'Yes','Graduate','No','LP001824',13.2),('IP43250','Denny Joy','Male',30,'Yes','Graduate','No','LP001825',13.2),('IP43251','Max Engle','Male',66,'Yes','Not Graduate','No','LP001835',13.2),('IP43252','Justin Deggeller','Female',39,'No','Graduate','No','LP001836',13.3),('IP43253','John Lee','Male',19,'No','Not Graduate','Yes','LP001841',13.2),('IP43254','Sean Christensen','Male',25,'Yes','Not Graduate','No','LP001843',13.3),('IP43255','Chuck Clark','Male',41,'No','Graduate','Yes','LP001844',13.3),('IP43256','Anthony Rawles','Female',68,'No','Graduate','No','LP001846',13.2),('IP43257','Steven Roelle','Male',28,'No','Not Graduate','No','LP001849',13.4),('IP43258','Craig Reiter','Male',44,'Yes','Graduate','No','LP001854',13.4),('IP43259','Eugene Hildebrand','Male',57,'Yes','Graduate','No','LP001859',13.3),('IP43260','Sibella Parks','Male',61,'Yes','Not Graduate','No','LP001864',13.4),('IP43261','Tiffany House','Male',41,'Yes','Graduate','No','LP001865',13.3),('IP43262','Resi Polking','Male',19,'No','Graduate','No','LP001868',13.4),('IP43263','Rob Beeghly','Female',50,'No','Graduate','No','LP001870',13.3),('IP43264','Carol Darley','Female',45,'No','Graduate','No','LP001871',13.3),('IP43265','Doug Jacobs','Male',70,'No','Graduate','Yes','LP001872',13.4),('IP43266','Grant Thornton','Male',22,'No','Graduate','No','LP001875',13.2),('IP43267','Michael Chen','Male',58,'Yes','Graduate','No','LP001877',13.2),('IP43268','Ralph Arnett','Male',27,'Yes','Graduate','No','LP001882',13.4),('IP43269','Naresj Patel','Female',20,'No','Graduate',NULL,'LP001883',13.2),('IP43270','Alan Barnes','Female',50,'No','Graduate','No','LP001884',13.2),('IP43271','Jesus Ocampo','Female',48,'No','Graduate','No','LP001888',13.4),('IP43272','Jay Kimmel','Male',61,'Yes','Graduate','No','LP001891',13.2),('IP43273','Brad Norvell','Male',45,'No','Graduate','No','LP001892',13.2),('IP43274','David Philippe','Male',22,'Yes','Graduate','No','LP001894',13.4),('IP43275','Tracy Hopkins','Male',53,'Yes','Graduate','No','LP001896',13.4),('IP43276','Arthur Prichep','Male',35,'Yes','Graduate','No','LP001900',13.2),('IP43277','Roland Schwarz','Male',37,'Yes','Graduate','No','LP001903',13.4),('IP43278','Seth Vernon','Male',46,'Yes','Graduate','No','LP001904',13.4),('IP43279','Christine Kargatis','Male',70,'Yes','Graduate','No','LP001907',13.2),('IP43280','Ross DeVincentis','Female',60,'Yes','Not Graduate','No','LP001908',13.2),('IP43281','Mathew Reese','Male',62,'No','Not Graduate','Yes','LP001910',13.4),('IP43282','Steve Chapman','Male',45,'Yes','Graduate','No','LP001914',13.2),('IP43283','Jay Fein','Male',18,'Yes','Graduate','No','LP001915',13.3),('IP43284','Emily Grady','Female',32,'No','Graduate','No','LP001917',13.4),('IP43285','Darrin Sayre','Male',38,'Yes','Graduate','No','LP001922',13.2),('IP43286','Phillina Ober','Male',42,'No','Graduate','No','LP001924',13.3),('IP43287','Sung Shariari','Female',48,'No','Graduate','Yes','LP001925',13.3),('IP43288','Peter Buhler','Male',38,'Yes','Graduate','No','LP001926',13.3),('IP43289','Roland Fjeld','Female',67,'No','Graduate','No','LP001931',13.3),('IP43290','Yoseph Carroll','Male',60,'No','Graduate','No','LP001935',13.2),('IP43291','Debra Catini','Male',59,'Yes','Graduate','No','LP001936',13.3),('IP43292','Christine Phan','Male',27,'Yes','Graduate','No','LP001938',13.4),('IP43293','Barry Franzosisch','Male',46,'Yes','Graduate','No','LP001940',13.3),('IP43294','Lisa Hazard','Female',26,'No','Graduate','No','LP001945',13.4),('IP43295','Chris Selesnick','Male',31,'Yes','Graduate','No','LP001947',13.2),('IP43296','Anthony Johnson','Male',51,'Yes','Graduate',NULL,'LP001949',13.2),('IP43297','Benjamin Venier','Male',69,'Yes','Graduate','No','LP001953',13.3),('IP43298','Dan Lawera','Female',47,'Yes','Graduate','No','LP001954',13.4),('IP43299','Bryan Mills','Female',19,'No','Graduate','No','LP001955',13.4),('IP43300','Liz Thompson','Male',51,'Yes','Graduate','No','LP001963',13.2),('IP43301','Joe Kamberova','Male',55,'Yes','Not Graduate','No','LP001964',13.2),('IP43302','Erica Smith','Male',59,'Yes','Not Graduate','No','LP001972',13.2),('IP43303','Rick Hansen','Female',19,'No','Graduate','No','LP001974',13.3),('IP43304','Carlos Daly','Male',48,'Yes','Graduate','No','LP001977',13.2),('IP43305','Helen Wasserman','Male',50,'No','Graduate','No','LP001978',13.2),('IP43306','Mike Caudle','Male',45,'No','Not Graduate','No','LP001990',13.2),('IP43307','Gary McGarr','Female',38,'No','Graduate','No','LP001993',13.2),('IP43308','Pauline Johnson','Female',25,'No','Graduate','No','LP001994',13.2),('IP43309','Bart Watters','Male',48,'No','Graduate','No','LP001996',13.3),('IP43310','Toby Ritter','Male',56,'Yes','Not Graduate','No','LP001998',13.4),('IP43311','Patrick Gardner','Female',40,'No','Graduate','No','LP002002',13.2),('IP43312','James Lanier','Male',32,'No','Not Graduate','No','LP002004',13.2),('IP43313','Brian Moss','Female',18,'No','Graduate','No','LP002006',13.4),('IP43314','Eudokia Martin','Male',66,'Yes','Graduate','Yes','LP002008',13.2),('IP43315','Art Foster','Female',37,'Yes','Graduate','No','LP002024',13.2),('IP43316','Guy Armstrong','Male',38,'Yes','Not Graduate','No','LP002031',13.4),('IP43317','Cyma Kinney','Male',27,'Yes','Graduate','No','LP002035',13.4),('IP43318','Dave Poirier','Male',47,'Yes','Graduate','No','LP002036',13.2),('IP43319','Berenike Kampe','Female',21,'No','Graduate','No','LP002043',13.4),('IP43320','Sanjit Jacobs','Male',28,'Yes','Graduate','Yes','LP002050',13.4),('IP43321','Chuck Magee','Male',42,'Yes','Graduate','No','LP002051',13.2),('IP43322','Anthony Jacobs','Male',51,'Yes','Graduate','No','LP002053',13.2),('IP43323','Linda Southworth','Male',40,'Yes','Not Graduate','No','LP002054',13.4),('IP43324','Guy Phonely','Female',65,'No','Graduate','No','LP002055',13.4),('IP43325','Paul Knutson','Male',29,'Yes','Graduate','No','LP002065',13.4),('IP43326','Sally Matthias','Male',65,'Yes','Graduate','Yes','LP002067',13.4),('IP43327','Anthony Garverick','Male',42,'No','Graduate','No','LP002068',13.4),('IP43328','Peter McVee','Male',25,'Yes','Graduate','Yes','LP002082',13.3),('IP43329','Lauren Leatherbury','Female',65,'Yes','Graduate','No','LP002086',13.4),('IP43330','Jill Stevenson','Female',55,'No','Graduate','No','LP002087',13.2),('IP43331','Ed Ludwig','Male',41,'No','Graduate','No','LP002097',13.4),('IP43332','Pamela Coakley','Male',68,'No','Graduate','No','LP002098',13.2),('IP43333','Hunter Lopez','Male',20,'No','Graduate','No','LP002100',13.3),('IP43334','Maribeth Schnelling','Male',38,'Yes','Graduate',NULL,'LP002101',13.3),('IP43335','George Bell','Female',23,'Yes','Graduate','Yes','LP002103',13.4),('IP43336','Justin Ritter','Male',28,'Yes','Graduate','Yes','LP002106',13.4),('IP43337','Bill Eplett','Male',21,'Yes','Graduate',NULL,'LP002110',13.3),('IP43338','Sample Company A','Male',36,'Yes','Graduate','Yes','LP002112',13.4),('IP43339','Rob Williams','Female',59,'No','Not Graduate','No','LP002113',13.3),('IP43340','Sanjit Engle','Female',29,'No','Graduate','No','LP002114',13.4),('IP43341','Adam Hart','Male',27,'Yes','Not Graduate','No','LP002115',13.4),('IP43342','Jessica Myrick','Female',47,'No','Graduate','No','LP002116',13.4),('IP43343','Joel Jenkins','Male',23,'Yes','Not Graduate','No','LP002119',13.2),('IP43344','Ralph Kennedy','Male',69,'Yes','Not Graduate','No','LP002126',13.4),('IP43345','Catherine Glotzbach','Male',67,'Yes','Graduate',NULL,'LP002128',13.4),('IP43346','Rachel Payne','Male',35,'Yes','Graduate','No','LP002129',13.2),('IP43347','Karen Carlisle','Male',56,'Yes','Not Graduate','No','LP002130',13.2),('IP43348','Katherine Hughes','Male',23,'Yes','Not Graduate','No','LP002131',13.4),('IP43349','Greg Hansen','Male',58,'Yes','Graduate','No','LP002137',13.3),('IP43350','Scott Williamson','Male',29,'Yes','Graduate','No','LP002138',13.2),('IP43351','Joseph Airdo','Male',53,'Yes','Graduate','No','LP002139',13.2),('IP43352','Daniel Lacy','Male',29,'No','Graduate','No','LP002140',13.2),('IP43353','Lindsay Williams','Male',65,'Yes','Graduate','No','LP002141',13.2),('IP43354','Thomas Brumley','Female',54,'Yes','Graduate','Yes','LP002142',13.2),('IP43355','Bryan Spruell','Female',67,'Yes','Graduate','No','LP002143',13.4),('IP43356','Robert Waldorf','Female',55,'No','Graduate','No','LP002144',13.2),('IP43357','Tracy Zic','Male',30,'Yes','Graduate','No','LP002149',13.2),('IP43358','Ann Steele','Male',60,'Yes','Graduate','No','LP002151',13.3),('IP43359','Toby Swindell','Male',39,'Yes','Not Graduate','No','LP002158',13.3),('IP43360','Sara Luxemburg','Male',58,'Yes','Graduate','No','LP002160',13.2),('IP43361','Mitch Willingham','Female',44,'No','Graduate','No','LP002161',13.2),('IP43362','Rob Dowd','Male',60,'Yes','Graduate','No','LP002170',13.2),('IP43363','Ryan Akin','Male',57,'Yes','Graduate','No','LP002175',13.2),('IP43364','Meg Tillman','Male',67,'Yes','Graduate','No','LP002178',13.2),('IP43365','Vivek Gonzalez','Male',42,'No','Graduate','Yes','LP002180',13.2),('IP43366','John Stevenson','Male',47,'No','Not Graduate','No','LP002181',13.2),('IP43367','Kalyca Meade','Male',47,'No','Graduate','No','LP002187',13.4),('IP43368','Hallie Redmond','Male',48,'No','Graduate','No','LP002188',13.2),('IP43369','Deanra Eno','Male',53,'Yes','Graduate','No','LP002190',13.4),('IP43370','Allen Goldenen','Male',25,'Yes','Graduate','No','LP002191',13.4),('IP43371','Jennifer Jackson','Female',37,'No','Graduate','Yes','LP002194',13.2),('IP43372','Jennifer Halladay','Male',60,'Yes','Graduate','No','LP002197',13.2),('IP43373','Robert Dilbeck','Male',42,'Yes','Graduate','Yes','LP002201',13.3),('IP43374','Mary O\'Rourke','Male',53,'No','Graduate','No','LP002205',13.4),('IP43375','Noel Staavos','Female',27,'No','Graduate',NULL,'LP002209',13.3),('IP43376','Deirdre Greer','Male',46,'Yes','Graduate','No','LP002211',13.4),('IP43377','Nicole Fjeld','Male',58,'Yes','Graduate','No','LP002219',13.4),('IP43378','Matthew Grinstein','Male',65,'Yes','Graduate','No','LP002223',13.4),('IP43379','Theresa Swint','Male',38,'No','Graduate','No','LP002224',13.4),('IP43380','Brian DeCherney','Male',22,'Yes','Graduate','No','LP002225',13.2),('IP43381','Charles McCrossin','Male',46,'Yes','Graduate',NULL,'LP002226',13.3),('IP43382','Skye Norling','Male',30,'No','Graduate','No','LP002229',13.2),('IP43383','Erica Hernandez','Female',60,'No','Graduate','No','LP002231',13.2),('IP43384','Frank Olsen','Male',32,'No','Graduate','Yes','LP002234',13.4),('IP43385','Maurice Satty','Male',36,'Yes','Graduate','No','LP002236',13.2),('IP43386','Chad Cunningham','Male',66,'No','Graduate',NULL,'LP002237',13.3),('IP43387','Don Weiss','Male',23,'No','Not Graduate','No','LP002239',13.2),('IP43388','Bill Tyler','Male',64,'Yes','Not Graduate','No','LP002243',13.3),('IP43389','Craig Yedwab','Male',45,'Yes','Graduate','No','LP002244',13.2),('IP43390','Brad Thomas','Male',52,'Yes','Graduate','No','LP002250',13.4),('IP43391','Penelope Sewall','Male',63,'No','Graduate','No','LP002255',13.2),('IP43392','Paul Van Hugh','Male',26,'Yes','Graduate','No','LP002262',13.2),('IP43393','Neoma Murray','Male',45,'Yes','Graduate','No','LP002263',13.2),('IP43394','Dionis Lloyd','Male',66,'Yes','Not Graduate','No','LP002265',13.2),('IP43395','Christine Sundaresam','Male',42,'Yes','Graduate','No','LP002266',13.2),('IP43396','Frank Hawley','Male',18,'Yes','Graduate','No','LP002272',13.3),('IP43397','Nat Carroll','Female',41,'No','Graduate','No','LP002277',13.3),('IP43398','Alex Avila','Male',19,'Yes','Graduate','No','LP002281',13.3),('IP43399','Larry Tron','Male',67,'No','Not Graduate','No','LP002284',13.2),('IP43400','Anne Pryor','Female',69,'No','Graduate','No','LP002287',13.4),('IP43401','Paul MacIntyre','Male',34,'Yes','Not Graduate','No','LP002288',13.3),('IP43402','Alyssa Tate','Male',37,'No','Not Graduate','No','LP002296',13.2),('IP43403','Cathy Armstrong','Male',57,'No','Graduate','No','LP002297',13.3),('IP43404','Harold Ryan','Female',32,'No','Not Graduate','No','LP002300',13.2),('IP43405','Bradley Talbott','Female',19,'No','Graduate','Yes','LP002301',13.2),('IP43406','Larry Hughes','Female',51,'No','Graduate','No','LP002305',13.2),('IP43407','Steven Ward','Male',46,'Yes','Not Graduate','No','LP002308',13.4),('IP43408','Stefania Perrino','Female',69,'No','Not Graduate','No','LP002314',13.4),('IP43409','Ben Ferrer','Male',22,'Yes','Graduate','No','LP002315',13.2),('IP43410','Kean Thornton','Male',32,'Yes','Graduate','No','LP002317',13.4),('IP43411','Brooke Gillingham','Female',25,'No','Not Graduate','Yes','LP002318',13.4),('IP43412','Greg Matthias','Male',69,'Yes','Graduate',NULL,'LP002319',13.2),('IP43413','Eva Jacobs','Male',54,'Yes','Not Graduate','No','LP002328',13.2),('IP43414','Nora Preis','Male',18,'Yes','Not Graduate','No','LP002332',13.2),('IP43415','Mick Hernandez','Female',49,'Yes','Not Graduate','No','LP002335',13.4),('IP43416','Jocasta Rupert','Female',50,'No','Graduate','No','LP002337',13.2),('IP43417','Suzanne McNair','Female',50,'No','Graduate','No','LP002341',13.2),('IP43418','Chris Cortes','Male',41,'Yes','Graduate','Yes','LP002342',13.3),('IP43419','Phillip Flathmann','Male',53,'Yes','Graduate','No','LP002345',13.2),('IP43420','Dan Campbell','Male',57,'Yes','Graduate','No','LP002347',13.2),('IP43421','Bryan Davis','Male',53,'Yes','Graduate','No','LP002348',13.3),('IP43422','Gene McClure','Female',48,'No','Not Graduate','No','LP002357',13.4),('IP43423','Todd Boyes','Male',57,'Yes','Graduate','No','LP002361',13.4),('IP43424','Justin Hirsh','Male',44,'Yes','Graduate','No','LP002362',13.2),('IP43425','Erica Bern','Male',32,'Yes','Graduate','No','LP002364',13.2),('IP43426','Quincy Jones','Male',64,'Yes','Graduate','No','LP002366',13.3),('IP43427','Tracy Collins','Female',25,'No','Not Graduate','No','LP002367',13.2),('IP43428','Chuck Sachs','Male',58,'Yes','Graduate','No','LP002368',13.2),('IP43429','Henry Goldwyn','Male',64,'Yes','Graduate','No','LP002369',13.2),('IP43430','Laurel Workman','Male',56,'No','Not Graduate','No','LP002370',13.2),('IP43431','Matt Collins','Female',62,'No','Graduate','Yes','LP002377',13.4),('IP43432','Liz Preis','Male',67,'No','Graduate','No','LP002379',13.2),('IP43433','Evan Bailliet','Male',65,'No','Graduate',NULL,'LP002386',13.2),('IP43434','George Zrebassa','Male',34,'Yes','Graduate','No','LP002387',13.4),('IP43435','Cathy Prescott','Male',41,'No','Graduate','No','LP002390',13.4),('IP43436','Frank Gastineau','Female',18,'','Graduate','No','LP002393',13.2),('IP43437','Lisa DeCherney','Male',26,'No','Graduate','No','LP002398',13.2),('IP43438','Alejandro Ballentine','Male',50,'Yes','Graduate','No','LP002401',13.4),('IP43439','Michael Nguyen','Male',42,'No','Graduate','Yes','LP002403',13.3),('IP43440','Jim Radford','Female',26,'Yes','Not Graduate','Yes','LP002407',13.4),('IP43441','Jamie Frazer','Male',41,'No','Graduate','No','LP002408',13.2),('IP43442','Chad McGuire','Male',65,'Yes','Graduate','No','LP002409',13.4),('IP43443','Aaron Smayling','Male',24,'No','Not Graduate','No','LP002418',13.2),('IP43444','Beth Paige','Male',64,'No','Graduate','No','LP002422',13.3),('IP43445','Natalie DeCherney','Male',34,'Yes','Graduate','No','LP002424',13.2),('IP43446','Larry Blacks','Male',39,'Yes','Graduate','Yes','LP002429',13.3),('IP43447','Kean Takahito','Male',31,'Yes','Not Graduate','No','LP002434',13.2),('IP43448','Harry Marie','Male',67,'Yes','Graduate',NULL,'LP002435',13.4),('IP43449','Ann Blume','Male',44,'Yes','Graduate','No','LP002443',13.2),('IP43450','Sam Zeldin','Male',31,'No','Not Graduate','Yes','LP002444',13.2),('IP43451','Michael Granlund','Male',70,'Yes','Not Graduate','No','LP002446',13.4),('IP43452','Julie Kriz','Male',63,'Yes','Not Graduate','No','LP002447',13.3),('IP43453','Paul Prost','Male',58,'Yes','Graduate','No','LP002448',13.2),('IP43454','Yana Sorensen','Male',38,'Yes','Graduate','No','LP002449',13.2),('IP43455','Katherine Murray','Male',42,'No','Graduate','Yes','LP002453',13.2),('IP43456','Adrian Barton','Male',52,'Yes','Graduate','No','LP002455',13.2),('IP43457','Helen Abelman','Male',57,'Yes','Graduate','No','LP002459',13.4),('IP43458','Beth Thompson','Male',26,'Yes','Graduate','No','LP002467',13.2),('IP43459','Stuart Van','Male',41,'No','Graduate','No','LP002472',13.3),('IP43460','Rick Wilson','Male',47,'Yes','Graduate','No','LP002473',13.2),('IP43461','Damala Kotsonis','Female',28,'Yes','Graduate','Yes','LP002478',13.2),('IP43462','Shui Tom','Male',21,'Yes','Graduate','No','LP002484',13.4),('IP43463','Michael Moore','Male',50,'Yes','Graduate','No','LP002487',13.2),('IP43464','Pauline Webber','Female',48,'No','Not Graduate',NULL,'LP002489',13.2),('IP43465','Shaun Chance','Male',44,'No','Graduate','No','LP002493',13.2),('IP43466','Thais Sissman','Male',54,'No','Graduate','No','LP002494',13.2),('IP43467','Mark Cousins','Male',68,'Yes','Not Graduate','No','LP002500',13.2),('IP43468','Maria Etezadi','Female',43,'Yes','Graduate','No','LP002501',13.2),('IP43469','Nicole Hansen','Female',42,'Yes','Not Graduate',NULL,'LP002502',13.3),('IP43470','Mick Brown','Male',41,'Yes','Graduate','No','LP002505',13.4),('IP43471','Keith Dawkins','Male',47,'Yes','Graduate','Yes','LP002515',13.4),('IP43472','Katherine Nockton','Male',33,'Yes','Not Graduate','No','LP002517',13.2),('IP43473','Nora Pelletier','Male',55,'Yes','Graduate','No','LP002519',13.4),('IP43474','Cindy Stewart','Female',62,'No','Graduate','Yes','LP002522',13.2),('IP43475','Maxwell Schwartz','Male',24,'No','Graduate','No','LP002524',13.4),('IP43476','Corinna Mitchell','Male',26,'Yes','Graduate','Yes','LP002527',13.2),('IP43477','Corey-Lock','Male',49,'Yes','Graduate','No','LP002529',13.4),('IP43478','Todd Sumrall','Female',48,'Yes','Graduate','No','LP002530',13.4),('IP43479','Jane Waco','Male',35,'Yes','Graduate','Yes','LP002531',13.2),('IP43480','John Dryer','Male',37,'Yes','Graduate','No','LP002533',13.3),('IP43481','Pauline Chand','Female',20,'No','Not Graduate','No','LP002534',13.2),('IP43482','Andy Reiter','Male',63,'Yes','Not Graduate','No','LP002536',13.4),('IP43483','Arianne Irving','Male',34,'Yes','Graduate','No','LP002537',13.4),('IP43484','Tom Boeckenhauer','Male',28,'Yes','Graduate','No','LP002541',13.2),('IP43485','Paul Lucas','Male',63,'Yes','Graduate','No','LP002543',13.3),('IP43486','Gary Hwang','Male',24,'Yes','Not Graduate','No','LP002544',13.2),('IP43487','Mike Pelletier','Male',63,'No','Graduate','No','LP002545',13.2),('IP43488','Jim Mitchum','Male',63,'Yes','Graduate','No','LP002547',13.4),('IP43489','Carl Ludwig','Male',65,'Yes','Graduate','Yes','LP002555',13.4),('IP43490','Deborah Brumfield','Male',25,'No','Graduate','No','LP002556',13.2),('IP43491','Ivan Gibson','Male',20,'No','Not Graduate','No','LP002560',13.2),('IP43492','Bobby Odegard','Male',44,'Yes','Not Graduate','No','LP002562',13.2),('IP43493','Aimee Bixby','Male',66,'No','Not Graduate','No','LP002571',13.4),('IP43494','Julia West','Female',37,'No','Not Graduate','Yes','LP002582',13.4),('IP43495','Edward Becker','Male',65,'Yes','Graduate','No','LP002585',13.2),('IP43496','Sheri Gordon','Female',22,'Yes','Graduate','No','LP002586',13.4),('IP43497','Charlotte Melton','Male',54,'Yes','Not Graduate','No','LP002587',13.4),('IP43498','Anthony Witt','Male',25,'Yes','Graduate','No','LP002588',13.3),('IP43499','Mick Crebagga','Male',47,'Yes','Graduate','Yes','LP002600',13.3),('IP43500','Tonja Turnell','Male',44,'No','Graduate','No','LP002602',13.3),('IP43501','Vivek Grady','Female',44,'No','Graduate','No','LP002603',13.2),('IP43502','Muhammed Yedwab','Female',35,'No','Graduate','No','LP002606',13.3),('IP43503','Rick Duston','Male',37,'Yes','Graduate','No','LP002615',13.2),('IP43504','Dennis Pardue','Male',24,'Yes','Not Graduate','No','LP002618',13.3),('IP43505','Marina Lichtenstein','Male',29,'Yes','Not Graduate','No','LP002619',13.2),('IP43506','Jenna Caffey','Male',24,'Yes','Graduate','No','LP002622',13.2),('IP43507','James Galang','Male',53,'Yes','Graduate','No','LP002624',13.2),('IP43508','Marc Crier','female',67,'No','Graduate','No','LP002625',13.2),('IP43509','Natalie Webber','Male',58,'Yes','Graduate','Yes','LP002626',13.2),('IP43510','Toby Braunhardt','Female',42,'No','Graduate','No','LP002634',13.4),('IP43511','Bill Stewart','Male',21,'No','Not Graduate','No','LP002637',13.3),('IP43512','Hilary Holden','Male',19,'Yes','Graduate','No','LP002640',13.2),('IP43513','Christina DeMoss','Male',54,'Yes','Graduate','No','LP002643',13.2),('IP43514','Thea Hendricks','Male',40,'Yes','Graduate','No','LP002648',13.2),('IP43515','Michelle Moray','Male',21,'No','Graduate','No','LP002652',13.2),('IP43516','Neola Schneider','Male',63,'Yes','Graduate','No','LP002659',13.3),('IP43517','Robert Barroso','Female',36,'Yes','Graduate','No','LP002670',13.2),('IP43518','Shaun Weien','Male',19,'Yes','Not Graduate','No','LP002682',13.2),('IP43519','Eric Barreto','Male',32,'No','Graduate','No','LP002683',13.2),('IP43520','Pamela Stobb','Female',70,'No','Not Graduate','No','LP002684',13.2),('IP43521','Herbert Flentye','Male',48,'Yes','Not Graduate','No','LP002689',13.3),('IP43522','Henia Zydlo','Male',62,'No','Graduate','No','LP002690',13.4),('IP43523','Cynthia Delaney','Male',28,'Yes','Graduate','Yes','LP002692',13.2),('IP43524','Jamie Kunitz','Male',38,'Yes','Graduate','Yes','LP002693',13.2),('IP43525','Filia McAdams','Male',45,'No','Graduate','No','LP002697',13.4),('IP43526','Emily Ducich','Male',39,'Yes','Graduate','Yes','LP002699',13.2),('IP43527','Dianna Arnett','Male',22,'Yes','Graduate','No','LP002705',13.3),('IP43528','Joni Wasserman','Male',59,'Yes','Not Graduate','No','LP002706',13.2),('IP43529','Raymond Messe','Male',38,'No','Not Graduate','No','LP002714',13.3),('IP43530','Max Ludwig','Male',50,'No','Not Graduate','No','LP002716',13.2),('IP43531','Craig Carroll','Male',45,'Yes','Graduate','No','LP002717',13.2),('IP43532','Jim Epp','Male',20,'Yes','Graduate','No','LP002720',13.3),('IP43533','Roy Phan','Male',36,'No','Graduate','No','LP002723',13.3),('IP43534','Thomas Boland','Male',32,'No','Graduate','No','LP002729',13.3),('IP43535','Brad Eason','Female',70,'No','Not Graduate','Yes','LP002731',13.3),('IP43536','Jill Fjeld','Male',29,'No','Not Graduate',NULL,'LP002732',13.3),('IP43537','Phillip Breyer','Male',36,'Yes','Graduate','No','LP002734',13.3),('IP43538','Brian Thompson','Male',33,'No','Graduate','No','LP002738',13.4),('IP43539','Janet Lee','Male',47,'Yes','Not Graduate','No','LP002739',13.3),('IP43540','Cathy Hwang','Male',66,'Yes','Graduate','No','LP002740',13.2),('IP43541','Neil Ducich','Female',49,'Yes','Graduate','No','LP002741',13.2),('IP43542','Barbara Fisher','Female',48,'No','Graduate','No','LP002743',13.2),('IP43543','Katharine Harms','Female',34,'No','Graduate',NULL,'LP002753',13.2),('IP43544','Giulietta Weimer','Male',19,'Yes','Not Graduate','No','LP002755',13.2),('IP43545','Noah Childs','Female',22,'Yes','Not Graduate','No','LP002757',13.2),('IP43546','Michelle Ellison','Male',46,'Yes','Graduate','No','LP002767',13.2),('IP43547','Benjamin Patterson','Male',46,'No','Not Graduate','No','LP002768',13.2),('IP43548','John Castell','Male',21,'No','Graduate','No','LP002772',13.3),('IP43549','Adam Shillingsburg','Female',21,'No','Graduate','No','LP002776',13.2),('IP43550','Amy Cox','Male',22,'Yes','Graduate','No','LP002777',13.3),('IP43551','Michael Dominguez','Male',44,'Yes','Graduate','Yes','LP002778',13.3),('IP43552','Duane Benoit','Male',20,'Yes','Not Graduate','No','LP002784',13.4),('IP43553','Erica Hackney','Male',44,'Yes','Graduate','No','LP002785',13.2),('IP43554','Edward Hooks','Male',61,'Yes','Not Graduate','No','LP002788',13.4),('IP43555','Scot Coram','Male',23,'Yes','Graduate','No','LP002789',13.3),('IP43556','Joe Elijah','Male',47,'Yes','Graduate','No','LP002792',13.2),('IP43557','Ann Chong','Female',51,'No','Graduate','No','LP002794',13.4),('IP43558','Joy Daniels','Male',60,'Yes','Graduate','Yes','LP002795',13.3),('IP43559','Christy Brittain','Male',20,'Yes','Graduate','No','LP002798',13.4),('IP43560','Joy Smith','Female',28,'Yes','Graduate','No','LP002804',13.3),('IP43561','Luke Weiss','Male',67,'Yes','Not Graduate','No','LP002807',13.2),('IP43562','Stuart Calhoun','Female',57,'Yes','Graduate','Yes','LP002813',13.3),('IP43563','Anne McFarland','Male',36,'Yes','Graduate','No','LP002820',13.2),('IP43564','Rick Huthwaite','Male',18,'No','Not Graduate','Yes','LP002821',13.4),('IP43565','Carol Triggs','Male',59,'Yes','Graduate','No','LP002832',13.3),('IP43566','Matt Collister','Male',29,'Yes','Not Graduate','No','LP002833',13.4),('IP43567','Corey Catlett','Male',23,'No','Graduate','No','LP002836',13.4),('IP43568','Kelly Andreada','Male',49,'Yes','Graduate','No','LP002837',13.2),('IP43569','Tamara Chand','Female',27,'No','Graduate','No','LP002840',13.2),('IP43570','Bart Folk','Male',31,'Yes','Graduate','No','LP002841',13.4),('IP43571','Magdelene Morse','Male',20,'Yes','Graduate','No','LP002842',13.4),('IP43572','Adrian Hane','Male',21,'Yes','Graduate','No','LP002847',13.2),('IP43573','Ben Wallace','Male',48,'Yes','Graduate','No','LP002855',13.2),('IP43574','Scot Wooten','Male',38,'Yes','Not Graduate','No','LP002862',13.2),('IP43575','Brian Stugart','Male',63,'Yes','Graduate','No','LP002863',13.4),('IP43576','Randy Ferguson','Male',63,'Yes','Graduate','No','LP002868',13.4),('IP43577','William Brown','female',31,'Yes','Graduate','No','LP002872',13.4),('IP43578','Trudy Brown','Male',18,'No','Graduate','No','LP002874',13.3),('IP43579','Art Ferguson','Male',65,'Yes','Graduate','No','LP002877',13.3),('IP43580','Richard Bierner','Male',37,'No','Graduate',NULL,'LP002888',13.3),('IP43581','Karen Ferguson','Male',53,'Yes','Graduate','No','LP002892',13.2),('IP43582','John Huston','Male',61,'No','Graduate','No','LP002893',13.4),('IP43583','Ivan Liston','Female',21,'Yes','Graduate','No','LP002894',13.2),('IP43584','Patrick Bzostek','Male',58,'Yes','Graduate','No','LP002898',13.2),('IP43585','Rob Haberlin','Male',30,'Yes','Graduate','No','LP002911',13.2),('IP43586','Arthur Wiediger','Male',58,'Yes','Graduate','No','LP002912',13.3),('IP43587','Maris LaWare','Male',22,'Yes','Graduate','No','LP002916',13.4),('IP43588','Dorothy Badders','Female',56,'No','Not Graduate','No','LP002917',13.2),('IP43589','Matt Hagelstein','female',65,'No','Graduate','No','LP002925',13.2),('IP43590','Dennis Kane','Male',20,'Yes','Graduate','Yes','LP002926',13.4),('IP43591','Bobby Trafton','Male',41,'Yes','Graduate','No','LP002928',13.2),('IP43592','Denny Blanton','Male',68,'Yes','Graduate','Yes','LP002931',13.3),('IP43593','Toby Gnade','female',20,'No','Graduate','Yes','LP002933',13.2),('IP43594','Barry Franz','Male',56,'Yes','Graduate','No','LP002936',13.2),('IP43595','Justin MacKendrick','Male',18,'Yes','Graduate','Yes','LP002938',13.2),('IP43596','Maria Zettner','Male',29,'No','Not Graduate','No','LP002940',13.2),('IP43597','Mitch Webber','Male',69,'Yes','Not Graduate','Yes','LP002941',13.4),('IP43598','Mark Van Huff','Male',54,'No','Graduate','No','LP002943',13.2),('IP43599','Sean Miller','Male',62,'Yes','Graduate','Yes','LP002945',13.2),('IP43600','Tom Prescott','Male',52,'Yes','Graduate','No','LP002948',13.2),('IP43601','Jim Karlsson','Female',34,'No','Graduate',NULL,'LP002949',13.2),('IP43602','Patrick Jones','Male',19,'Yes','Not Graduate',NULL,'LP002950',13.2),('IP43603','Ricardo Sperren','Male',44,'Yes','Graduate','No','LP002953',13.2),('IP43604','Susan Vittorini','Male',53,'No','Graduate','No','LP002958',13.4),('IP43605','Becky Castell','Female',35,'Yes','Graduate','No','LP002959',13.2),('IP43606','Elizabeth Moffitt','Male',63,'Yes','Not Graduate','No','LP002960',13.3),('IP43607','Brendan Murry','Male',22,'Yes','Graduate','No','LP002961',13.4),('IP43608','Kristina Nunn','Male',65,'Yes','Not Graduate','No','LP002964',13.2),('IP43609','Kelly Williams','Male',50,'Yes','Graduate','No','LP002974',13.2),('IP43610','Scott Cohen','Female',24,'No','Graduate','No','LP002978',13.2),('IP43611','Christina VanderZanden','Male',58,'Yes','Graduate','No','LP002979',13.2),('IP43612','Speros Goranitis','Male',69,'Yes','Graduate','No','LP002983',13.4),('IP43613','Tamara Manning','Male',31,'Yes','Graduate','No','LP002984',13.2),('IP43614','Eleni McCrary','Female',59,'No','Graduate','Yes','LP002990',13.2);
/*!40000 ALTER TABLE `cus_det` ENABLE KEYS */;
UNLOCK TABLES;

--
-- Table structure for table `cus_inc`
--

DROP TABLE IF EXISTS `cus_inc`;
/*!40101 SET @saved_cs_client     = @@character_set_client */;
/*!50503 SET character_set_client = utf8mb4 */;
CREATE TABLE `cus_inc` (
  `Loan_ID` text,
  `customer_id` varchar(50) NOT NULL,
  `ApplicantIncome` int DEFAULT NULL,
  `CoapplicantIncome` int DEFAULT NULL,
  `Property_Area` text,
  `Loan_Status` text,
  PRIMARY KEY (`customer_id`)
) ENGINE=InnoDB DEFAULT CHARSET=utf8mb4 COLLATE=utf8mb4_0900_ai_ci;
/*!40101 SET character_set_client = @saved_cs_client */;

--
-- Dumping data for table `cus_inc`
--

LOCK TABLES `cus_inc` WRITE;
/*!40000 ALTER TABLE `cus_inc` DISABLE KEYS */;
INSERT INTO `cus_inc` VALUES ('LP001002','IP43001',5849,0,'Urban','Y'),('LP001003','IP43002',4583,1508,'Rural','N'),('LP001005','IP43003',3000,0,'Urban','Y'),('LP001006','IP43004',2583,2358,'Urban','Y'),('LP001008','IP43005',6000,0,'Urban','Y'),('LP001011','IP43006',5417,4196,'Urban','Y'),('LP001013','IP43007',2333,1516,'Urban','Y'),('LP001014','IP43008',3036,2504,'Semiurban','N'),('LP001018','IP43009',4006,1526,'Urban','Y'),('LP001020','IP43010',12841,10968,'Semiurban','N'),('LP001024','IP43011',3200,700,'Urban','Y'),('LP001027','IP43012',2500,1840,'Urban','Y'),('LP001028','IP43013',3073,8106,'Urban','Y'),('LP001029','IP43014',1853,2840,'Rural','N'),('LP001030','IP43015',1299,1086,'Urban','Y'),('LP001032','IP43016',4950,0,'Urban','Y'),('LP001034','IP43017',3596,0,'Urban','Y'),('LP001036','IP43018',3510,0,'Urban','N'),('LP001038','IP43019',4887,0,'Rural','N'),('LP001041','IP43020',2600,3500,'Urban','Y'),('LP001043','IP43021',7660,0,'Urban','N'),('LP001046','IP43022',5955,5625,'Urban','Y'),('LP001047','IP43023',2600,1911,'Semiurban','N'),('LP001050','IP43024',3365,1917,'Rural','N'),('LP001052','IP43025',3717,2925,'Semiurban','N'),('LP001066','IP43026',9560,0,'Semiurban','Y'),('LP001068','IP43027',2799,2253,'Semiurban','Y'),('LP001073','IP43028',4226,1040,'Urban','Y'),('LP001086','IP43029',1442,0,'Urban','N'),('LP001087','IP43030',3750,2083,'Semiurban','Y'),('LP001091','IP43031',4166,3369,'Urban','N'),('LP001095','IP43032',3167,0,'Urban','N'),('LP001097','IP43033',4692,0,'Rural','N'),('LP001098','IP43034',3500,1667,'Semiurban','Y'),('LP001100','IP43035',12500,3000,'Rural','N'),('LP001106','IP43036',2275,2067,'Urban','Y'),('LP001109','IP43037',1828,1330,'Urban','N'),('LP001112','IP43038',3667,1459,'Semiurban','Y'),('LP001114','IP43039',4166,7210,'Urban','Y'),('LP001116','IP43040',3748,1668,'Semiurban','Y'),('LP001119','IP43041',3600,0,'Urban','N'),('LP001120','IP43042',1800,1213,'Urban','Y'),('LP001123','IP43043',2400,0,'Urban','Y'),('LP001131','IP43044',3941,2336,'Semiurban','Y'),('LP001136','IP43045',4695,0,'Urban','Y'),('LP001137','IP43046',3410,0,'Urban','Y'),('LP001138','IP43047',5649,0,'Urban','Y'),('LP001144','IP43048',5821,0,'Urban','Y'),('LP001146','IP43049',2645,3440,'Urban','N'),('LP001151','IP43050',4000,2275,'Semiurban','Y'),('LP001155','IP43051',1928,1644,'Semiurban','Y'),('LP001157','IP43052',3086,0,'Semiurban','Y'),('LP001164','IP43053',4230,0,'Semiurban','N'),('LP001179','IP43054',4616,0,'Urban','N'),('LP001186','IP43055',11500,0,'Urban','N'),('LP001194','IP43056',2708,1167,'Semiurban','Y'),('LP001195','IP43057',2132,1591,'Semiurban','Y'),('LP001197','IP43058',3366,2200,'Rural','N'),('LP001198','IP43059',8080,2250,'Urban','Y'),('LP001199','IP43060',3357,2859,'Urban','Y'),('LP001205','IP43061',2500,3796,'Urban','Y'),('LP001206','IP43062',3029,0,'Urban','Y'),('LP001207','IP43063',2609,3449,'Rural','N'),('LP001213','IP43064',4945,0,'Rural','N'),('LP001222','IP43065',4166,0,'Semiurban','N'),('LP001225','IP43066',5726,4595,'Semiurban','N'),('LP001228','IP43067',3200,2254,'Urban','N'),('LP001233','IP43068',10750,0,'Urban','Y'),('LP001238','IP43069',7100,0,'Urban','Y'),('LP001241','IP43070',4300,0,'Semiurban','N'),('LP001243','IP43071',3208,3066,'Urban','Y'),('LP001245','IP43072',1875,1875,'Semiurban','Y'),('LP001248','IP43073',3500,0,'Semiurban','Y'),('LP001250','IP43074',4755,0,'Semiurban','N'),('LP001253','IP43075',5266,1774,'Semiurban','Y'),('LP001255','IP43076',3750,0,'Urban','N'),('LP001256','IP43077',3750,4750,'Urban','N'),('LP001259','IP43078',1000,3022,'Urban','N'),('LP001263','IP43079',3167,4000,'Semiurban','N'),('LP001264','IP43080',3333,2166,'Semiurban','Y'),('LP001265','IP43081',3846,0,'Semiurban','Y'),('LP001266','IP43082',2395,0,'Semiurban','Y'),('LP001267','IP43083',1378,1881,'Urban','N'),('LP001273','IP43084',6000,2250,'Semiurban','N'),('LP001275','IP43085',3988,0,'Urban','Y'),('LP001279','IP43086',2366,2531,'Semiurban','Y'),('LP001280','IP43087',3333,2000,'Semiurban','Y'),('LP001282','IP43088',2500,2118,'Semiurban','Y'),('LP001289','IP43089',8566,0,'Urban','Y'),('LP001310','IP43090',5695,4167,'Semiurban','Y'),('LP001316','IP43091',2958,2900,'Semiurban','Y'),('LP001318','IP43092',6250,5654,'Semiurban','Y'),('LP001319','IP43093',3273,1820,'Urban','Y'),('LP001322','IP43094',4133,0,'Semiurban','Y'),('LP001325','IP43095',3620,0,'Semiurban','Y'),('LP001326','IP43096',6782,0,'Urban','N'),('LP001327','IP43097',2484,2302,'Semiurban','Y'),('LP001333','IP43098',1977,997,'Semiurban','Y'),('LP001334','IP43099',4188,0,'Semiurban','Y'),('LP001343','IP43100',1759,3541,'Semiurban','Y'),('LP001345','IP43101',4288,3263,'Urban','Y'),('LP001349','IP43102',4843,3806,'Semiurban','Y'),('LP001350','IP43103',13650,0,'Urban','Y'),('LP001356','IP43104',4652,3583,'Semiurban','Y'),('LP001357','IP43105',3816,754,'Urban','Y'),('LP001367','IP43106',3052,1030,'Urban','Y'),('LP001369','IP43107',11417,1126,'Urban','Y'),('LP001370','IP43108',7333,0,'Rural','N'),('LP001379','IP43109',3800,3600,'Urban','N'),('LP001384','IP43110',2071,754,'Semiurban','Y'),('LP001385','IP43111',5316,0,'Urban','Y'),('LP001387','IP43112',2929,2333,'Semiurban','Y'),('LP001391','IP43113',3572,4114,'Rural','N'),('LP001392','IP43114',7451,0,'Semiurban','Y'),('LP001398','IP43115',5050,0,'Semiurban','Y'),('LP001401','IP43116',14583,0,'Rural','Y'),('LP001404','IP43117',3167,2283,'Semiurban','Y'),('LP001405','IP43118',2214,1398,'Urban','Y'),('LP001421','IP43119',5568,2142,'Rural','N'),('LP001422','IP43120',10408,0,'Urban','Y'),('LP001426','IP43121',5667,2667,'Rural','Y'),('LP001430','IP43122',4166,0,'Semiurban','Y'),('LP001431','IP43123',2137,8980,'Semiurban','Y'),('LP001432','IP43124',2957,0,'Semiurban','Y'),('LP001439','IP43125',4300,2014,'Rural','Y'),('LP001443','IP43126',3692,0,'Rural','Y'),('LP001448','IP43127',23803,0,'Rural','Y'),('LP001449','IP43128',3865,1640,'Rural','Y'),('LP001451','IP43129',10513,3850,'Urban','N'),('LP001465','IP43130',6080,2569,'Rural','N'),('LP001469','IP43131',20166,0,'Urban','Y'),('LP001473','IP43132',2014,1929,'Urban','Y'),('LP001478','IP43133',2718,0,'Semiurban','Y'),('LP001482','IP43134',3459,0,'Semiurban','Y'),('LP001487','IP43135',4895,0,'Semiurban','Y'),('LP001488','IP43136',4000,7750,'Semiurban','N'),('LP001489','IP43137',4583,0,'Rural','N'),('LP001491','IP43138',3316,3500,'Urban','Y'),('LP001492','IP43139',14999,0,'Semiurban','N'),('LP001493','IP43140',4200,1430,'Rural','N'),('LP001497','IP43141',5042,2083,'Rural','N'),('LP001498','IP43142',5417,0,'Urban','Y'),('LP001504','IP43143',6950,0,'Semiurban','Y'),('LP001507','IP43144',2698,2034,'Semiurban','Y'),('LP001508','IP43145',11757,0,'Urban','Y'),('LP001514','IP43146',2330,4486,'Semiurban','Y'),('LP001516','IP43147',14866,0,'Urban','Y'),('LP001518','IP43148',1538,1425,'Urban','Y'),('LP001519','IP43149',10000,1666,'Rural','N'),('LP001520','IP43150',4860,830,'Semiurban','Y'),('LP001528','IP43151',6277,0,'Rural','N'),('LP001529','IP43152',2577,3750,'Rural','Y'),('LP001531','IP43153',9166,0,'Urban','N'),('LP001532','IP43154',2281,0,'Rural','N'),('LP001535','IP43155',3254,0,'Urban','Y'),('LP001536','IP43156',39999,0,'Semiurban','Y'),('LP001541','IP43157',6000,0,'Rural','Y'),('LP001543','IP43158',9538,0,'Urban','Y'),('LP001546','IP43159',2980,2083,'Rural','Y'),('LP001552','IP43160',4583,5625,'Semiurban','Y'),('LP001560','IP43161',1863,1041,'Semiurban','Y'),('LP001562','IP43162',7933,0,'Urban','N'),('LP001565','IP43163',3089,1280,'Semiurban','N'),('LP001570','IP43164',4167,1447,'Rural','Y'),('LP001572','IP43165',9323,0,'Urban','Y'),('LP001574','IP43166',3707,3166,'Rural','Y'),('LP001577','IP43167',4583,0,'Rural','N'),('LP001578','IP43168',2439,3333,'Rural','Y'),('LP001579','IP43169',2237,0,'Semiurban','N'),('LP001580','IP43170',8000,0,'Semiurban','Y'),('LP001581','IP43171',1820,1769,'Rural','Y'),('LP001585','IP43172',51763,0,'Urban','Y'),('LP001586','IP43173',3522,0,'Rural','N'),('LP001594','IP43174',5708,5625,'Semiurban','Y'),('LP001603','IP43175',4344,736,'Semiurban','N'),('LP001606','IP43176',3497,1964,'Rural','Y'),('LP001608','IP43177',2045,1619,'Rural','Y'),('LP001610','IP43178',5516,11300,'Semiurban','N'),('LP001616','IP43179',3750,0,'Semiurban','Y'),('LP001630','IP43180',2333,1451,'Urban','N'),('LP001633','IP43181',6400,7250,'Urban','N'),('LP001634','IP43182',1916,5063,'Rural','N'),('LP001636','IP43183',4600,0,'Semiurban','Y'),('LP001637','IP43184',33846,0,'Semiurban','N'),('LP001639','IP43185',3625,0,'Semiurban','Y'),('LP001640','IP43186',39147,4750,'Semiurban','Y'),('LP001641','IP43187',2178,0,'Rural','N'),('LP001643','IP43188',2383,2138,'Rural','Y'),('LP001644','IP43189',674,5296,'Rural','Y'),('LP001647','IP43190',9328,0,'Rural','Y'),('LP001653','IP43191',4885,0,'Rural','Y'),('LP001656','IP43192',12000,0,'Semiurban','N'),('LP001657','IP43193',6033,0,'Urban','N'),('LP001658','IP43194',3858,0,'Semiurban','Y'),('LP001664','IP43195',4191,0,'Rural','Y'),('LP001665','IP43196',3125,2583,'Semiurban','N'),('LP001666','IP43197',8333,3750,'Rural','Y'),('LP001669','IP43198',1907,2365,'Urban','Y'),('LP001671','IP43199',3416,2816,'Semiurban','Y'),('LP001673','IP43200',11000,0,'Urban','N'),('LP001674','IP43201',2600,2500,'Semiurban','Y'),('LP001677','IP43202',4923,0,'Semiurban','Y'),('LP001682','IP43203',3992,0,'Urban','N'),('LP001688','IP43204',3500,1083,'Urban','Y'),('LP001691','IP43205',3917,0,'Semiurban','Y'),('LP001692','IP43206',4408,0,'Semiurban','Y'),('LP001693','IP43207',3244,0,'Urban','Y'),('LP001698','IP43208',3975,2531,'Rural','Y'),('LP001699','IP43209',2479,0,'Urban','Y'),('LP001702','IP43210',3418,0,'Semiurban','N'),('LP001708','IP43211',10000,0,'Semiurban','N'),('LP001711','IP43212',3430,1250,'Semiurban','N'),('LP001713','IP43213',7787,0,'Urban','Y'),('LP001715','IP43214',5703,0,'Rural','Y'),('LP001716','IP43215',3173,3021,'Urban','Y'),('LP001720','IP43216',3850,983,'Semiurban','Y'),('LP001722','IP43217',150,1800,'Rural','N'),('LP001726','IP43218',3727,1775,'Semiurban','Y'),('LP001732','IP43219',5000,0,'Semiurban','N'),('LP001734','IP43220',4283,2383,'Semiurban','Y'),('LP001736','IP43221',2221,0,'Urban','N'),('LP001743','IP43222',4009,1717,'Semiurban','Y'),('LP001744','IP43223',2971,2791,'Semiurban','Y'),('LP001749','IP43224',7578,1010,'Semiurban','Y'),('LP001750','IP43225',6250,0,'Semiurban','Y'),('LP001751','IP43226',3250,0,'Rural','N'),('LP001754','IP43227',4735,0,'Urban','N'),('LP001758','IP43228',6250,1695,'Semiurban','Y'),('LP001760','IP43229',4758,0,'Semiurban','Y'),('LP001761','IP43230',6400,0,'Rural','Y'),('LP001765','IP43231',2491,2054,'Semiurban','Y'),('LP001768','IP43232',3716,0,'Rural','Y'),('LP001770','IP43233',3189,2598,'Rural','Y'),('LP001776','IP43234',8333,0,'Semiurban','Y'),('LP001778','IP43235',3155,1779,'Semiurban','Y'),('LP001784','IP43236',5500,1260,'Rural','Y'),('LP001786','IP43237',5746,0,'Urban','N'),('LP001788','IP43238',3463,0,'Urban','Y'),('LP001790','IP43239',3812,0,'Rural','Y'),('LP001792','IP43240',3315,0,'Semiurban','Y'),('LP001798','IP43241',5819,5000,'Rural','Y'),('LP001800','IP43242',2510,1983,'Urban','N'),('LP001806','IP43243',2965,5701,'Urban','Y'),('LP001807','IP43244',6250,1300,'Rural','Y'),('LP001811','IP43245',3406,4417,'Semiurban','Y'),('LP001813','IP43246',6050,4333,'Urban','N'),('LP001814','IP43247',9703,0,'Urban','Y'),('LP001819','IP43248',6608,0,'Urban','Y'),('LP001824','IP43249',2882,1843,'Semiurban','Y'),('LP001825','IP43250',1809,1868,'Urban','Y'),('LP001835','IP43251',1668,3890,'Semiurban','N'),('LP001836','IP43252',3427,0,'Urban','N'),('LP001841','IP43253',2583,2167,'Rural','Y'),('LP001843','IP43254',2661,7101,'Semiurban','Y'),('LP001844','IP43255',16250,0,'Urban','N'),('LP001846','IP43256',3083,0,'Rural','Y'),('LP001849','IP43257',6045,0,'Rural','N'),('LP001854','IP43258',5250,0,'Urban','N'),('LP001859','IP43259',14683,2100,'Rural','N'),('LP001864','IP43260',4931,0,'Semiurban','N'),('LP001865','IP43261',6083,4250,'Urban','Y'),('LP001868','IP43262',2060,2209,'Semiurban','Y'),('LP001870','IP43263',3481,0,'Semiurban','N'),('LP001871','IP43264',7200,0,'Rural','Y'),('LP001872','IP43265',5166,0,'Semiurban','Y'),('LP001875','IP43266',4095,3447,'Rural','Y'),('LP001877','IP43267',4708,1387,'Semiurban','Y'),('LP001882','IP43268',4333,1811,'Urban','Y'),('LP001883','IP43269',3418,0,'Rural','N'),('LP001884','IP43270',2876,1560,'Urban','Y'),('LP001888','IP43271',3237,0,'Urban','Y'),('LP001891','IP43272',11146,0,'Urban','Y'),('LP001892','IP43273',2833,1857,'Rural','Y'),('LP001894','IP43274',2620,2223,'Semiurban','Y'),('LP001896','IP43275',3900,0,'Semiurban','Y'),('LP001900','IP43276',2750,1842,'Semiurban','Y'),('LP001903','IP43277',3993,3274,'Semiurban','Y'),('LP001904','IP43278',3103,1300,'Urban','Y'),('LP001907','IP43279',14583,0,'Semiurban','Y'),('LP001908','IP43280',4100,0,'Rural','Y'),('LP001910','IP43281',4053,2426,'Urban','N'),('LP001914','IP43282',3927,800,'Semiurban','Y'),('LP001915','IP43283',2301,986,'Urban','Y'),('LP001917','IP43284',1811,1666,'Urban','Y'),('LP001922','IP43285',20667,0,'Rural','N'),('LP001924','IP43286',3158,3053,'Rural','Y'),('LP001925','IP43287',2600,1717,'Semiurban','N'),('LP001926','IP43288',3704,2000,'Rural','Y'),('LP001931','IP43289',4124,0,'Semiurban','Y'),('LP001935','IP43290',9508,0,'Rural','Y'),('LP001936','IP43291',3075,2416,'Rural','Y'),('LP001938','IP43292',4400,0,'Semiurban','N'),('LP001940','IP43293',3153,1560,'Urban','Y'),('LP001945','IP43294',5417,0,'Urban','N'),('LP001947','IP43295',2383,3334,'Semiurban','Y'),('LP001949','IP43296',4416,1250,'Urban','Y'),('LP001953','IP43297',6875,0,'Semiurban','Y'),('LP001954','IP43298',4666,0,'Urban','Y'),('LP001955','IP43299',5000,2541,'Rural','N'),('LP001963','IP43300',2014,2925,'Urban','N'),('LP001964','IP43301',1800,2934,'Urban','N'),('LP001972','IP43302',2875,1750,'Semiurban','Y'),('LP001974','IP43303',5000,0,'Rural','Y'),('LP001977','IP43304',1625,1803,'Urban','Y'),('LP001978','IP43305',4000,2500,'Rural','Y'),('LP001990','IP43306',2000,0,'Urban','N'),('LP001993','IP43307',3762,1666,'Rural','Y'),('LP001994','IP43308',2400,1863,'Urban','N'),('LP001996','IP43309',20233,0,'Rural','N'),('LP001998','IP43310',7667,0,'Rural','Y'),('LP002002','IP43311',2917,0,'Semiurban','Y'),('LP002004','IP43312',2927,2405,'Semiurban','Y'),('LP002006','IP43313',2507,0,'Rural','Y'),('LP002008','IP43314',5746,0,'Rural','Y'),('LP002024','IP43315',2473,1843,'Rural','N'),('LP002031','IP43316',3399,1640,'Urban','Y'),('LP002035','IP43317',3717,0,'Semiurban','Y'),('LP002036','IP43318',2058,2134,'Urban','Y'),('LP002043','IP43319',3541,0,'Semiurban','Y'),('LP002050','IP43320',10000,0,'Rural','N'),('LP002051','IP43321',2400,2167,'Semiurban','Y'),('LP002053','IP43322',4342,189,'Semiurban','Y'),('LP002054','IP43323',3601,1590,'Rural','Y'),('LP002055','IP43324',3166,2985,'Rural','Y'),('LP002065','IP43325',15000,0,'Rural','Y'),('LP002067','IP43326',8666,4983,'Rural','N'),('LP002068','IP43327',4917,0,'Rural','Y'),('LP002082','IP43328',5818,2160,'Semiurban','Y'),('LP002086','IP43329',4333,2451,'Urban','N'),('LP002087','IP43330',2500,0,'Urban','Y'),('LP002097','IP43331',4384,1793,'Urban','Y'),('LP002098','IP43332',2935,0,'Semiurban','Y'),('LP002100','IP43333',2833,0,'Urban','Y'),('LP002101','IP43334',63337,0,'Urban','Y'),('LP002103','IP43335',9833,1833,'Urban','Y'),('LP002106','IP43336',5503,4490,'Semiurban','Y'),('LP002110','IP43337',5250,688,'Rural','Y'),('LP002112','IP43338',2500,4600,'Rural','Y'),('LP002113','IP43339',1830,0,'Urban','N'),('LP002114','IP43340',4160,0,'Semiurban','Y'),('LP002115','IP43341',2647,1587,'Rural','N'),('LP002116','IP43342',2378,0,'Rural','N'),('LP002119','IP43343',4554,1229,'Urban','Y'),('LP002126','IP43344',3173,0,'Semiurban','Y'),('LP002128','IP43345',2583,2330,'Rural','Y'),('LP002129','IP43346',2499,2458,'Semiurban','Y'),('LP002130','IP43347',3523,3230,'Rural','N'),('LP002131','IP43348',3083,2168,'Urban','Y'),('LP002137','IP43349',6333,4583,'Semiurban','Y'),('LP002138','IP43350',2625,6250,'Rural','Y'),('LP002139','IP43351',9083,0,'Semiurban','Y'),('LP002140','IP43352',8750,4167,'Rural','N'),('LP002141','IP43353',2666,2083,'Rural','Y'),('LP002142','IP43354',5500,0,'Rural','N'),('LP002143','IP43355',2423,505,'Semiurban','Y'),('LP002144','IP43356',3813,0,'Urban','Y'),('LP002149','IP43357',8333,3167,'Rural','Y'),('LP002151','IP43358',3875,0,'Urban','N'),('LP002158','IP43359',3000,1666,'Urban','N'),('LP002160','IP43360',5167,3167,'Semiurban','Y'),('LP002161','IP43361',4723,0,'Semiurban','N'),('LP002170','IP43362',5000,3667,'Semiurban','Y'),('LP002175','IP43363',4750,2333,'Urban','Y'),('LP002178','IP43364',3013,3033,'Urban','Y'),('LP002180','IP43365',6822,0,'Rural','Y'),('LP002181','IP43366',6216,0,'Rural','N'),('LP002187','IP43367',2500,0,'Semiurban','N'),('LP002188','IP43368',5124,0,'Rural','N'),('LP002190','IP43369',6325,0,'Semiurban','Y'),('LP002191','IP43370',19730,5266,'Rural','N'),('LP002194','IP43371',15759,0,'Semiurban','Y'),('LP002197','IP43372',5185,0,'Semiurban','Y'),('LP002201','IP43373',9323,7873,'Rural','Y'),('LP002205','IP43374',3062,1987,'Urban','N'),('LP002209','IP43375',2764,1459,'Urban','Y'),('LP002211','IP43376',4817,923,'Urban','Y'),('LP002219','IP43377',8750,4996,'Rural','Y'),('LP002223','IP43378',4310,0,'Semiurban','Y'),('LP002224','IP43379',3069,0,'Urban','N'),('LP002225','IP43380',5391,0,'Urban','Y'),('LP002226','IP43381',3333,2500,'Semiurban','Y'),('LP002229','IP43382',5941,4232,'Semiurban','Y'),('LP002231','IP43383',6000,0,'Urban','Y'),('LP002234','IP43384',7167,0,'Urban','Y'),('LP002236','IP43385',4566,0,'Urban','N'),('LP002237','IP43386',3667,0,'Urban','Y'),('LP002239','IP43387',2346,1600,'Semiurban','Y'),('LP002243','IP43388',3010,3136,'Urban','N'),('LP002244','IP43389',2333,2417,'Urban','Y'),('LP002250','IP43390',5488,0,'Rural','Y'),('LP002255','IP43391',9167,0,'Rural','Y'),('LP002262','IP43392',9504,0,'Rural','Y'),('LP002263','IP43393',2583,2115,'Urban','Y'),('LP002265','IP43394',1993,1625,'Semiurban','Y'),('LP002266','IP43395',3100,1400,'Urban','Y'),('LP002272','IP43396',3276,484,'Semiurban','Y'),('LP002277','IP43397',3180,0,'Urban','N'),('LP002281','IP43398',3033,1459,'Urban','Y'),('LP002284','IP43399',3902,1666,'Rural','Y'),('LP002287','IP43400',1500,1800,'Semiurban','N'),('LP002288','IP43401',2889,0,'Urban','N'),('LP002296','IP43402',2755,0,'Rural','N'),('LP002297','IP43403',2500,20000,'Semiurban','Y'),('LP002300','IP43404',1963,0,'Semiurban','Y'),('LP002301','IP43405',7441,0,'Rural','N'),('LP002305','IP43406',4547,0,'Semiurban','Y'),('LP002308','IP43407',2167,2400,'Urban','Y'),('LP002314','IP43408',2213,0,'Rural','Y'),('LP002315','IP43409',8300,0,'Semiurban','N'),('LP002317','IP43410',81000,0,'Rural','N'),('LP002318','IP43411',3867,0,'Semiurban','N'),('LP002319','IP43412',6256,0,'Urban','Y'),('LP002328','IP43413',6096,0,'Rural','N'),('LP002332','IP43414',2253,2033,'Rural','Y'),('LP002335','IP43415',2149,3237,'Semiurban','N'),('LP002337','IP43416',2995,0,'Urban','Y'),('LP002341','IP43417',2600,0,'Urban','N'),('LP002342','IP43418',1600,20000,'Urban','N'),('LP002345','IP43419',1025,2773,'Rural','Y'),('LP002347','IP43420',3246,1417,'Semiurban','Y'),('LP002348','IP43421',5829,0,'Rural','Y'),('LP002357','IP43422',2720,0,'Urban','N'),('LP002361','IP43423',1820,1719,'Urban','Y'),('LP002362','IP43424',7250,1667,'Urban','N'),('LP002364','IP43425',14880,0,'Semiurban','Y'),('LP002366','IP43426',2666,4300,'Rural','Y'),('LP002367','IP43427',4606,0,'Rural','N'),('LP002368','IP43428',5935,0,'Semiurban','Y'),('LP002369','IP43429',2920,16,'Rural','Y'),('LP002370','IP43430',2717,0,'Urban','Y'),('LP002377','IP43431',8624,0,'Semiurban','Y'),('LP002379','IP43432',6500,0,'Rural','N'),('LP002386','IP43433',12876,0,'Semiurban','Y'),('LP002387','IP43434',2425,2340,'Semiurban','Y'),('LP002390','IP43435',3750,0,'Urban','Y'),('LP002393','IP43436',10047,0,'Semiurban','Y'),('LP002398','IP43437',1926,1851,'Semiurban','Y'),('LP002401','IP43438',2213,1125,'Urban','Y'),('LP002403','IP43439',10416,0,'Urban','N'),('LP002407','IP43440',7142,0,'Rural','Y'),('LP002408','IP43441',3660,5064,'Semiurban','Y'),('LP002409','IP43442',7901,1833,'Rural','Y'),('LP002418','IP43443',4707,1993,'Semiurban','Y'),('LP002422','IP43444',37719,0,'Semiurban','Y'),('LP002424','IP43445',7333,8333,'Rural','Y'),('LP002429','IP43446',3466,1210,'Rural','Y'),('LP002434','IP43447',4652,0,'Rural','Y'),('LP002435','IP43448',3539,1376,'Rural','N'),('LP002443','IP43449',3340,1710,'Rural','N'),('LP002444','IP43450',2769,1542,'Semiurban','N'),('LP002446','IP43451',2309,1255,'Rural','N'),('LP002447','IP43452',1958,1456,'Urban','Y'),('LP002448','IP43453',3948,1733,'Rural','N'),('LP002449','IP43454',2483,2466,'Rural','Y'),('LP002453','IP43455',7085,0,'Semiurban','Y'),('LP002455','IP43456',3859,0,'Semiurban','Y'),('LP002459','IP43457',4301,0,'Urban','Y'),('LP002467','IP43458',3708,2569,'Urban','N'),('LP002472','IP43459',4354,0,'Rural','Y'),('LP002473','IP43460',8334,0,'Semiurban','N'),('LP002478','IP43461',2083,4083,'Semiurban','Y'),('LP002484','IP43462',7740,0,'Urban','Y'),('LP002487','IP43463',3015,2188,'Rural','Y'),('LP002489','IP43464',5191,0,'Semiurban','Y'),('LP002493','IP43465',4166,0,'Semiurban','N'),('LP002494','IP43466',6000,0,'Rural','Y'),('LP002500','IP43467',2947,1664,'Urban','N'),('LP002501','IP43468',16692,0,'Semiurban','Y'),('LP002502','IP43469',210,2917,'Semiurban','Y'),('LP002505','IP43470',4333,2451,'Urban','N'),('LP002515','IP43471',3450,2079,'Semiurban','Y'),('LP002517','IP43472',2653,1500,'Rural','N'),('LP002519','IP43473',4691,0,'Semiurban','Y'),('LP002522','IP43474',2500,0,'Urban','Y'),('LP002524','IP43475',5532,4648,'Rural','Y'),('LP002527','IP43476',16525,1014,'Rural','Y'),('LP002529','IP43477',6700,1750,'Semiurban','Y'),('LP002530','IP43478',2873,1872,'Semiurban','N'),('LP002531','IP43479',16667,2250,'Semiurban','Y'),('LP002533','IP43480',2947,1603,'Urban','N'),('LP002534','IP43481',4350,0,'Rural','Y'),('LP002536','IP43482',3095,0,'Rural','Y'),('LP002537','IP43483',2083,3150,'Semiurban','Y'),('LP002541','IP43484',10833,0,'Semiurban','Y'),('LP002543','IP43485',8333,0,'Semiurban','Y'),('LP002544','IP43486',1958,2436,'Rural','Y'),('LP002545','IP43487',3547,0,'Rural','N'),('LP002547','IP43488',18333,0,'Urban','N'),('LP002555','IP43489',4583,2083,'Semiurban','Y'),('LP002556','IP43490',2435,0,'Urban','N'),('LP002560','IP43491',2699,2785,'Semiurban','Y'),('LP002562','IP43492',5333,1131,'Urban','Y'),('LP002571','IP43493',3691,0,'Rural','Y'),('LP002582','IP43494',17263,0,'Semiurban','Y'),('LP002585','IP43495',3597,2157,'Rural','N'),('LP002586','IP43496',3326,913,'Semiurban','Y'),('LP002587','IP43497',2600,1700,'Rural','Y'),('LP002588','IP43498',4625,2857,'Urban','Y'),('LP002600','IP43499',2895,0,'Semiurban','Y'),('LP002602','IP43500',6283,4416,'Rural','N'),('LP002603','IP43501',645,3683,'Rural','Y'),('LP002606','IP43502',3159,0,'Semiurban','Y'),('LP002615','IP43503',4865,5624,'Semiurban','Y'),('LP002618','IP43504',4050,5302,'Rural','N'),('LP002619','IP43505',3814,1483,'Semiurban','Y'),('LP002622','IP43506',3510,4416,'Rural','Y'),('LP002624','IP43507',20833,6667,'Urban','Y'),('LP002625','IP43508',3583,0,'Urban','N'),('LP002626','IP43509',2479,3013,'Urban','Y'),('LP002634','IP43510',13262,0,'Urban','Y'),('LP002637','IP43511',3598,1287,'Rural','N'),('LP002640','IP43512',6065,2004,'Semiurban','Y'),('LP002643','IP43513',3283,2035,'Urban','Y'),('LP002648','IP43514',2130,6666,'Semiurban','N'),('LP002652','IP43515',5815,3666,'Rural','N'),('LP002659','IP43516',3466,3428,'Rural','Y'),('LP002670','IP43517',2031,1632,'Semiurban','Y'),('LP002682','IP43518',3074,1800,'Semiurban','N'),('LP002683','IP43519',4683,1915,'Semiurban','N'),('LP002684','IP43520',3400,0,'Rural','N'),('LP002689','IP43521',2192,1742,'Semiurban','Y'),('LP002690','IP43522',2500,0,'Semiurban','Y'),('LP002692','IP43523',5677,1424,'Rural','Y'),('LP002693','IP43524',7948,7166,'Rural','Y'),('LP002697','IP43525',4680,2087,'Semiurban','N'),('LP002699','IP43526',17500,0,'Rural','Y'),('LP002705','IP43527',3775,0,'Semiurban','Y'),('LP002706','IP43528',5285,1430,'Semiurban','Y'),('LP002714','IP43529',2679,1302,'Semiurban','Y'),('LP002716','IP43530',6783,0,'Semiurban','Y'),('LP002717','IP43531',1025,5500,'Rural','Y'),('LP002720','IP43532',4281,0,'Urban','Y'),('LP002723','IP43533',3588,0,'Rural','N'),('LP002729','IP43534',11250,0,'Semiurban','N'),('LP002731','IP43535',18165,0,'Urban','Y'),('LP002732','IP43536',2550,2042,'Rural','Y'),('LP002734','IP43537',6133,3906,'Urban','Y'),('LP002738','IP43538',3617,0,'Semiurban','Y'),('LP002739','IP43539',2917,536,'Rural','N'),('LP002740','IP43540',6417,0,'Rural','Y'),('LP002741','IP43541',4608,2845,'Semiurban','Y'),('LP002743','IP43542',2138,0,'Semiurban','N'),('LP002753','IP43543',3652,0,'Semiurban','Y'),('LP002755','IP43544',2239,2524,'Urban','Y'),('LP002757','IP43545',3017,663,'Semiurban','Y'),('LP002767','IP43546',2768,1950,'Rural','Y'),('LP002768','IP43547',3358,0,'Semiurban','N'),('LP002772','IP43548',2526,1783,'Rural','Y'),('LP002776','IP43549',5000,0,'Semiurban','N'),('LP002777','IP43550',2785,2016,'Rural','Y'),('LP002778','IP43551',6633,0,'Rural','N'),('LP002784','IP43552',2492,2375,'Rural','Y'),('LP002785','IP43553',3333,3250,'Urban','Y'),('LP002788','IP43554',2454,2333,'Urban','N'),('LP002789','IP43555',3593,4266,'Rural','N'),('LP002792','IP43556',5468,1032,'Semiurban','Y'),('LP002794','IP43557',2667,1625,'Urban','Y'),('LP002795','IP43558',10139,0,'Semiurban','Y'),('LP002798','IP43559',3887,2669,'Semiurban','Y'),('LP002804','IP43560',4180,2306,'Semiurban','Y'),('LP002807','IP43561',3675,242,'Semiurban','Y'),('LP002813','IP43562',19484,0,'Semiurban','Y'),('LP002820','IP43563',5923,2054,'Rural','Y'),('LP002821','IP43564',5800,0,'Semiurban','Y'),('LP002832','IP43565',8799,0,'Urban','N'),('LP002833','IP43566',4467,0,'Rural','Y'),('LP002836','IP43567',3333,0,'Urban','Y'),('LP002837','IP43568',3400,2500,'Rural','N'),('LP002840','IP43569',2378,0,'Urban','N'),('LP002841','IP43570',3166,2064,'Urban','N'),('LP002842','IP43571',3417,1750,'Urban','Y'),('LP002847','IP43572',5116,1451,'Urban','N'),('LP002855','IP43573',16666,0,'Urban','Y'),('LP002862','IP43574',6125,1625,'Semiurban','N'),('LP002863','IP43575',6406,0,'Semiurban','N'),('LP002868','IP43576',3159,461,'Urban','Y'),('LP002872','IP43577',3087,2210,'Semiurban','N'),('LP002874','IP43578',3229,2739,'Urban','Y'),('LP002877','IP43579',1782,2232,'Rural','Y'),('LP002888','IP43580',3182,2917,'Urban','Y'),('LP002892','IP43581',6540,0,'Semiurban','Y'),('LP002893','IP43582',1836,33837,'Urban','N'),('LP002894','IP43583',3166,0,'Semiurban','Y'),('LP002898','IP43584',1880,0,'Rural','N'),('LP002911','IP43585',2787,1917,'Rural','N'),('LP002912','IP43586',4283,3000,'Rural','N'),('LP002916','IP43587',2297,1522,'Urban','Y'),('LP002917','IP43588',2165,0,'Semiurban','Y'),('LP002925','IP43589',4750,0,'Semiurban','Y'),('LP002926','IP43590',2726,0,'Semiurban','N'),('LP002928','IP43591',3000,3416,'Semiurban','Y'),('LP002931','IP43592',6000,0,'Semiurban','N'),('LP002933','IP43593',9357,0,'Semiurban','Y'),('LP002936','IP43594',3859,3300,'Rural','Y'),('LP002938','IP43595',16120,0,'Urban','Y'),('LP002940','IP43596',3833,0,'Rural','Y'),('LP002941','IP43597',6383,1000,'Rural','N'),('LP002943','IP43598',2987,0,'Semiurban','N'),('LP002945','IP43599',9963,0,'Rural','Y'),('LP002948','IP43600',5780,0,'Urban','Y'),('LP002949','IP43601',416,41667,'Urban','N'),('LP002950','IP43602',2894,2792,'Rural','Y'),('LP002953','IP43603',5703,0,'Urban','Y'),('LP002958','IP43604',3676,4301,'Rural','Y'),('LP002959','IP43605',12000,0,'Semiurban','Y'),('LP002960','IP43606',2400,3800,'Urban','N'),('LP002961','IP43607',3400,2500,'Semiurban','Y'),('LP002964','IP43608',3987,1411,'Rural','Y'),('LP002974','IP43609',3232,1950,'Rural','Y'),('LP002978','IP43610',2900,0,'Rural','Y'),('LP002979','IP43611',4106,0,'Rural','Y'),('LP002983','IP43612',8072,240,'Urban','Y'),('LP002984','IP43613',7583,0,'Urban','Y'),('LP002990','IP43614',4583,0,'Semiurban','N');
/*!40000 ALTER TABLE `cus_inc` ENABLE KEYS */;
UNLOCK TABLES;

--
-- Table structure for table `customer_interest_analysis`
--

DROP TABLE IF EXISTS `customer_interest_analysis`;
/*!40101 SET @saved_cs_client     = @@character_set_client */;
/*!50503 SET character_set_client = utf8mb4 */;
CREATE TABLE `customer_interest_analysis` (
  `loan_id` text,
  `customer_id` text,
  `applicantincome` int DEFAULT NULL,
  `coapplicantincome` int DEFAULT NULL,
  `property_area` text,
  `loan_status` text,
  `criteria` varchar(21) NOT NULL DEFAULT '',
  `monthly_percentage` decimal(2,1) NOT NULL DEFAULT '0.0',
  `monthly_intrest` varchar(23) DEFAULT NULL,
  `yearly_intrest` varchar(23) DEFAULT NULL,
  `loan_amt` text,
  `cibil` int DEFAULT NULL,
  `cibil_status` varchar(50) DEFAULT NULL
) ENGINE=InnoDB DEFAULT CHARSET=utf8mb4 COLLATE=utf8mb4_0900_ai_ci;
/*!40101 SET character_set_client = @saved_cs_client */;

--
-- Dumping data for table `customer_interest_analysis`
--

LOCK TABLES `customer_interest_analysis` WRITE;
/*!40000 ALTER TABLE `customer_interest_analysis` DISABLE KEYS */;
INSERT INTO `customer_interest_analysis` VALUES ('LP001003','IP43002',4583,1508,'Rural','N','low class',3.0,'3.84%','46.08%','128',920,'High Cibil Sore'),('LP001005','IP43003',3000,0,'Urban','Y','low class',5.0,'3.3%','39.6%','66',606,'Penalty Customers'),('LP001006','IP43004',2583,2358,'Urban','Y','low class',5.0,'6%','72%','120',851,'No Penalty'),('LP001008','IP43005',6000,0,'Urban','Y','Middle class customer',7.0,'9.87%','118.44%','141',420,'Penalty Customers'),('LP001011','IP43006',5417,4196,'Urban','Y','Middle class customer',7.0,'18.69%','224.28%','267',173,'Penalty Customers'),('LP001013','IP43007',2333,1516,'Urban','Y','low class',5.0,'4.75%','57%','95',650,'Penalty Customers'),('LP001014','IP43008',3036,2504,'Semiurban','N','low class',2.5,'3.95%','47.4%','158',471,'Penalty Customers'),('LP001018','IP43009',4006,1526,'Urban','Y','low class',5.0,'8.4%','100.8%','168',863,'No Penalty'),('LP001020','IP43010',12841,10968,'Semiurban','N','Grade-B',7.0,'24.43%','293.16%','349',730,'Penalty Customers'),('LP001024','IP43011',3200,700,'Urban','Y','low class',5.0,'3.5%','42%','70',143,'Penalty Customers'),('LP001027','IP43012',2500,1840,'Urban','Y','low class',5.0,'5.45%','65.4%','109',384,'Penalty Customers'),('LP001028','IP43013',3073,8106,'Urban','Y','low class',5.0,'10%','120%','200',928,'High Cibil Sore'),('LP001029','IP43014',1853,2840,'Rural','N','low class',3.0,'3.42%','41.04%','114',455,'Penalty Customers'),('LP001030','IP43015',1299,1086,'Urban','Y','low class',5.0,'0.85%','10.2%','17',564,'Penalty Customers'),('LP001032','IP43016',4950,0,'Urban','Y','low class',5.0,'6.25%','75%','125',477,'Penalty Customers'),('LP001034','IP43017',3596,0,'Urban','Y','low class',5.0,'5%','60%','100',888,'No Penalty'),('LP001036','IP43018',3510,0,'Urban','N','low class',5.0,'3.8%','45.6%','76',387,'Penalty Customers'),('LP001038','IP43019',4887,0,'Rural','N','low class',3.0,'3.99%','47.88%','133',371,'Penalty Customers'),('LP001041','IP43020',2600,3500,'Urban','Y','low class',5.0,'5.75%','69%','115',537,'Penalty Customers'),('LP001043','IP43021',7660,0,'Urban','N','Middle class customer',7.0,'7.28%','87.36%','104',534,'Penalty Customers'),('LP001046','IP43022',5955,5625,'Urban','Y','Middle class customer',7.0,'22.05%','264.6%','315',903,'High Cibil Sore'),('LP001047','IP43023',2600,1911,'Semiurban','N','low class',2.5,'2.9%','34.8%','116',615,'Penalty Customers'),('LP001050','IP43024',3365,1917,'Rural','N','low class',3.0,'3.36%','40.32%','112',593,'Penalty Customers'),('LP001052','IP43025',3717,2925,'Semiurban','N','low class',2.5,'3.775%','45.3%','151',79,'Penalty Customers'),('LP001066','IP43026',9560,0,'Semiurban','Y','Grade-B',7.0,'13.37%','160.44%','191',293,'Penalty Customers'),('LP001068','IP43027',2799,2253,'Semiurban','Y','low class',2.5,'3.05%','36.6%','122',999,'High Cibil Sore'),('LP001073','IP43028',4226,1040,'Urban','Y','low class',5.0,'5.5%','66%','110',781,'No Penalty'),('LP001086','IP43029',1442,0,'Urban','N','low class',5.0,'1.75%','21%','35',521,'Penalty Customers'),('LP001087','IP43030',3750,2083,'Semiurban','Y','low class',2.5,'3%','36%','120',620,'Penalty Customers'),('LP001091','IP43031',4166,3369,'Urban','N','low class',5.0,'10.05%','120.6%','201',972,'High Cibil Sore'),('LP001095','IP43032',3167,0,'Urban','N','low class',5.0,'3.7%','44.4%','74',425,'Penalty Customers'),('LP001097','IP43033',4692,0,'Rural','N','low class',3.0,'3.18%','38.16%','106',420,'Penalty Customers'),('LP001098','IP43034',3500,1667,'Semiurban','Y','low class',2.5,'2.85%','34.2%','114',667,'Penalty Customers'),('LP001100','IP43035',12500,3000,'Rural','N','Grade-B',7.0,'22.4%','268.8%','320',889,'No Penalty'),('LP001109','IP43037',1828,1330,'Urban','N','low class',5.0,'5%','60%','100',413,'Penalty Customers'),('LP001112','IP43038',3667,1459,'Semiurban','Y','low class',2.5,'3.6%','43.2%','144',139,'Penalty Customers'),('LP001114','IP43039',4166,7210,'Urban','Y','low class',5.0,'9.2%','110.4%','184',812,'No Penalty'),('LP001116','IP43040',3748,1668,'Semiurban','Y','low class',2.5,'2.75%','33%','110',71,'Penalty Customers'),('LP001119','IP43041',3600,0,'Urban','N','low class',5.0,'4%','48%','80',374,'Penalty Customers'),('LP001120','IP43042',1800,1213,'Urban','Y','low class',5.0,'2.35%','28.2%','47',472,'Penalty Customers'),('LP001123','IP43043',2400,0,'Urban','Y','low class',5.0,'3.75%','45%','75',881,'No Penalty'),('LP001131','IP43044',3941,2336,'Semiurban','Y','low class',2.5,'3.35%','40.2%','134',80,'Penalty Customers'),('LP001136','IP43045',4695,0,'Urban','Y','low class',5.0,'4.8%','57.6%','96',760,'No Penalty'),('LP001137','IP43046',3410,0,'Urban','Y','low class',5.0,'4.4%','52.8%','88',495,'Penalty Customers'),('LP001138','IP43047',5649,0,'Urban','Y','Middle class customer',7.0,'3.08%','36.96%','44',197,'Penalty Customers'),('LP001144','IP43048',5821,0,'Urban','Y','Middle class customer',7.0,'10.08%','120.96%','144',151,'Penalty Customers'),('LP001146','IP43049',2645,3440,'Urban','N','low class',5.0,'6%','72%','120',733,'Penalty Customers'),('LP001151','IP43050',4000,2275,'Semiurban','Y','low class',2.5,'3.6%','43.2%','144',187,'Penalty Customers'),('LP001155','IP43051',1928,1644,'Semiurban','Y','low class',2.5,'2.5%','30%','100',808,'No Penalty'),('LP001157','IP43052',3086,0,'Semiurban','Y','low class',2.5,'3%','36%','120',475,'Penalty Customers'),('LP001164','IP43053',4230,0,'Semiurban','N','low class',2.5,'2.8%','33.6%','112',359,'Penalty Customers'),('LP001179','IP43054',4616,0,'Urban','N','low class',5.0,'6.7%','80.4%','134',716,'Penalty Customers'),('LP001186','IP43055',11500,0,'Urban','N','Grade-B',7.0,'20.02%','240.24%','286',546,'Penalty Customers'),('LP001194','IP43056',2708,1167,'Semiurban','Y','low class',2.5,'2.425%','29.1%','97',509,'Penalty Customers'),('LP001195','IP43057',2132,1591,'Semiurban','Y','low class',2.5,'2.4%','28.8%','96',160,'Penalty Customers'),('LP001197','IP43058',3366,2200,'Rural','N','low class',3.0,'4.05%','48.6%','135',186,'Penalty Customers'),('LP001198','IP43059',8080,2250,'Urban','Y','Middle class customer',7.0,'12.6%','151.2%','180',781,'No Penalty'),('LP001199','IP43060',3357,2859,'Urban','Y','low class',5.0,'7.2%','86.4%','144',949,'High Cibil Sore'),('LP001205','IP43061',2500,3796,'Urban','Y','low class',5.0,'6%','72%','120',629,'Penalty Customers'),('LP001206','IP43062',3029,0,'Urban','Y','low class',5.0,'4.95%','59.4%','99',803,'No Penalty'),('LP001207','IP43063',2609,3449,'Rural','N','low class',3.0,'4.95%','59.4%','165',889,'No Penalty'),('LP001222','IP43065',4166,0,'Semiurban','N','low class',2.5,'2.9%','34.8%','116',924,'High Cibil Sore'),('LP001225','IP43066',5726,4595,'Semiurban','N','Middle class customer',7.0,'18.06%','216.72%','258',261,'Penalty Customers'),('LP001228','IP43067',3200,2254,'Urban','N','low class',5.0,'6.3%','75.6%','126',339,'Penalty Customers'),('LP001233','IP43068',10750,0,'Urban','Y','Grade-B',7.0,'21.84%','262.08%','312',551,'Penalty Customers'),('LP001238','IP43069',7100,0,'Urban','Y','Middle class customer',7.0,'8.75%','105%','125',227,'Penalty Customers'),('LP001241','IP43070',4300,0,'Semiurban','N','low class',2.5,'3.4%','40.8%','136',827,'No Penalty'),('LP001243','IP43071',3208,3066,'Urban','Y','low class',5.0,'8.6%','103.2%','172',240,'Penalty Customers'),('LP001245','IP43072',1875,1875,'Semiurban','Y','low class',2.5,'2.425%','29.1%','97',245,'Penalty Customers'),('LP001248','IP43073',3500,0,'Semiurban','Y','low class',2.5,'2.025%','24.3%','81',252,'Penalty Customers'),('LP001250','IP43074',4755,0,'Semiurban','N','low class',2.5,'2.375%','28.5%','95',594,'Penalty Customers'),('LP001253','IP43075',5266,1774,'Semiurban','Y','Middle class customer',7.0,'13.09%','157.08%','187',520,'Penalty Customers'),('LP001255','IP43076',3750,0,'Urban','N','low class',5.0,'5.65%','67.8%','113',74,'Penalty Customers'),('LP001256','IP43077',3750,4750,'Urban','N','low class',5.0,'8.8%','105.6%','176',492,'Penalty Customers'),('LP001259','IP43078',1000,3022,'Urban','N','low class',5.0,'5.5%','66%','110',399,'Penalty Customers'),('LP001263','IP43079',3167,4000,'Semiurban','N','low class',2.5,'4.5%','54%','180',342,'Penalty Customers'),('LP001264','IP43080',3333,2166,'Semiurban','Y','low class',2.5,'3.25%','39%','130',951,'High Cibil Sore'),('LP001265','IP43081',3846,0,'Semiurban','Y','low class',2.5,'2.775%','33.3%','111',431,'Penalty Customers'),('LP001267','IP43083',1378,1881,'Urban','N','low class',5.0,'8.35%','100.2%','167',309,'Penalty Customers'),('LP001273','IP43084',6000,2250,'Semiurban','N','Middle class customer',7.0,'18.55%','222.6%','265',393,'Penalty Customers'),('LP001275','IP43085',3988,0,'Urban','Y','low class',5.0,'2.5%','30%','50',933,'High Cibil Sore'),('LP001279','IP43086',2366,2531,'Semiurban','Y','low class',2.5,'3.4%','40.8%','136',720,'Penalty Customers'),('LP001280','IP43087',3333,2000,'Semiurban','Y','low class',2.5,'2.475%','29.7%','99',985,'High Cibil Sore'),('LP001282','IP43088',2500,2118,'Semiurban','Y','low class',2.5,'2.6%','31.2%','104',789,'No Penalty'),('LP001289','IP43089',8566,0,'Urban','Y','Middle class customer',7.0,'14.7%','176.4%','210',611,'Penalty Customers'),('LP001310','IP43090',5695,4167,'Semiurban','Y','Middle class customer',7.0,'12.25%','147%','175',429,'Penalty Customers'),('LP001316','IP43091',2958,2900,'Semiurban','Y','low class',2.5,'3.275%','39.3%','131',497,'Penalty Customers'),('LP001318','IP43092',6250,5654,'Semiurban','Y','Middle class customer',7.0,'13.16%','157.92%','188',71,'Penalty Customers'),('LP001319','IP43093',3273,1820,'Urban','Y','low class',5.0,'4.05%','48.6%','81',225,'Penalty Customers'),('LP001322','IP43094',4133,0,'Semiurban','Y','low class',2.5,'3.05%','36.6%','122',148,'Penalty Customers'),('LP001325','IP43095',3620,0,'Semiurban','Y','low class',2.5,'0.625%','7.5%','25',680,'Penalty Customers'),('LP001327','IP43097',2484,2302,'Semiurban','Y','low class',2.5,'3.425%','41.1%','137',558,'Penalty Customers'),('LP001333','IP43098',1977,997,'Semiurban','Y','low class',2.5,'1.25%','15%','50',994,'High Cibil Sore'),('LP001334','IP43099',4188,0,'Semiurban','Y','low class',2.5,'2.875%','34.5%','115',632,'Penalty Customers'),('LP001343','IP43100',1759,3541,'Semiurban','Y','low class',2.5,'3.275%','39.3%','131',213,'Penalty Customers'),('LP001345','IP43101',4288,3263,'Urban','Y','low class',5.0,'6.65%','79.8%','133',759,'No Penalty'),('LP001349','IP43102',4843,3806,'Semiurban','Y','low class',2.5,'3.775%','45.3%','151',263,'Penalty Customers'),('LP001357','IP43105',3816,754,'Urban','Y','low class',5.0,'8%','96%','160',200,'Penalty Customers'),('LP001367','IP43106',3052,1030,'Urban','Y','low class',5.0,'5%','60%','100',157,'Penalty Customers'),('LP001369','IP43107',11417,1126,'Urban','Y','Grade-B',7.0,'15.75%','189%','225',636,'Penalty Customers'),('LP001370','IP43108',7333,0,'Rural','N','Middle class customer',7.0,'8.4%','100.8%','120',550,'Penalty Customers'),('LP001379','IP43109',3800,3600,'Urban','N','low class',5.0,'10.8%','129.6%','216',231,'Penalty Customers'),('LP001384','IP43110',2071,754,'Semiurban','Y','low class',2.5,'2.35%','28.2%','94',336,'Penalty Customers'),('LP001385','IP43111',5316,0,'Urban','Y','Middle class customer',7.0,'9.52%','114.24%','136',555,'Penalty Customers'),('LP001387','IP43112',2929,2333,'Semiurban','Y','low class',2.5,'3.475%','41.7%','139',680,'Penalty Customers'),('LP001391','IP43113',3572,4114,'Rural','N','low class',3.0,'4.56%','54.72%','152',140,'Penalty Customers'),('LP001398','IP43115',5050,0,'Semiurban','Y','Middle class customer',7.0,'8.26%','99.12%','118',278,'Penalty Customers'),('LP001401','IP43116',14583,0,'Rural','Y','Grade-B',7.0,'12.95%','155.4%','185',478,'Penalty Customers'),('LP001404','IP43117',3167,2283,'Semiurban','Y','low class',2.5,'3.85%','46.2%','154',919,'High Cibil Sore'),('LP001405','IP43118',2214,1398,'Urban','Y','low class',5.0,'4.25%','51%','85',570,'Penalty Customers'),('LP001421','IP43119',5568,2142,'Rural','N','Middle class customer',7.0,'12.25%','147%','175',375,'Penalty Customers'),('LP001422','IP43120',10408,0,'Urban','Y','Grade-B',7.0,'18.13%','217.56%','259',997,'High Cibil Sore'),('LP001426','IP43121',5667,2667,'Rural','Y','Middle class customer',7.0,'12.6%','151.2%','180',731,'Penalty Customers'),('LP001430','IP43122',4166,0,'Semiurban','Y','low class',2.5,'1.1%','13.2%','44',483,'Penalty Customers'),('LP001431','IP43123',2137,8980,'Semiurban','Y','low class',2.5,'3.425%','41.1%','137',877,'No Penalty'),('LP001432','IP43124',2957,0,'Semiurban','Y','low class',2.5,'2.025%','24.3%','81',815,'No Penalty'),('LP001439','IP43125',4300,2014,'Rural','Y','low class',3.0,'5.82%','69.84%','194',213,'Penalty Customers'),('LP001443','IP43126',3692,0,'Rural','Y','low class',3.0,'2.79%','33.48%','93',403,'Penalty Customers'),('LP001448','IP43127',23803,0,'Rural','Y','Grade-A',7.0,'25.9%','310.8%','370',249,'Penalty Customers'),('LP001451','IP43129',10513,3850,'Urban','N','Grade-B',7.0,'11.2%','134.4%','160',929,'High Cibil Sore'),('LP001465','IP43130',6080,2569,'Rural','N','Middle class customer',7.0,'12.74%','152.88%','182',454,'Penalty Customers'),('LP001469','IP43131',20166,0,'Urban','Y','Grade-A',7.0,'45.5%','546%','650',840,'No Penalty'),('LP001473','IP43132',2014,1929,'Urban','Y','low class',5.0,'3.7%','44.4%','74',208,'Penalty Customers'),('LP001478','IP43133',2718,0,'Semiurban','Y','low class',2.5,'1.75%','21%','70',353,'Penalty Customers'),('LP001482','IP43134',3459,0,'Semiurban','Y','low class',2.5,'0.625%','7.5%','25',926,'High Cibil Sore'),('LP001487','IP43135',4895,0,'Semiurban','Y','low class',2.5,'2.55%','30.6%','102',688,'Penalty Customers'),('LP001488','IP43136',4000,7750,'Semiurban','N','low class',2.5,'7.25%','87%','290',433,'Penalty Customers'),('LP001489','IP43137',4583,0,'Rural','N','low class',3.0,'2.52%','30.24%','84',113,'Penalty Customers'),('LP001491','IP43138',3316,3500,'Urban','Y','low class',5.0,'4.4%','52.8%','88',129,'Penalty Customers'),('LP001492','IP43139',14999,0,'Semiurban','N','Grade-B',7.0,'16.94%','203.28%','242',663,'Penalty Customers'),('LP001493','IP43140',4200,1430,'Rural','N','low class',3.0,'3.87%','46.44%','129',684,'Penalty Customers'),('LP001497','IP43141',5042,2083,'Rural','N','Middle class customer',7.0,'12.95%','155.4%','185',266,'Penalty Customers'),('LP001498','IP43142',5417,0,'Urban','Y','Middle class customer',7.0,'11.76%','141.12%','168',883,'No Penalty'),('LP001504','IP43143',6950,0,'Semiurban','Y','Middle class customer',7.0,'12.25%','147%','175',465,'Penalty Customers'),('LP001507','IP43144',2698,2034,'Semiurban','Y','low class',2.5,'3.05%','36.6%','122',291,'Penalty Customers'),('LP001508','IP43145',11757,0,'Urban','Y','Grade-B',7.0,'13.09%','157.08%','187',227,'Penalty Customers'),('LP001514','IP43146',2330,4486,'Semiurban','Y','low class',2.5,'2.5%','30%','100',923,'High Cibil Sore'),('LP001516','IP43147',14866,0,'Urban','Y','Grade-B',7.0,'4.9%','58.8%','70',129,'Penalty Customers'),('LP001518','IP43148',1538,1425,'Urban','Y','low class',5.0,'1.5%','18%','30',142,'Penalty Customers'),('LP001519','IP43149',10000,1666,'Rural','N','Grade-B',7.0,'15.75%','189%','225',871,'No Penalty'),('LP001520','IP43150',4860,830,'Semiurban','Y','low class',2.5,'3.125%','37.5%','125',193,'Penalty Customers'),('LP001528','IP43151',6277,0,'Rural','N','Middle class customer',7.0,'8.26%','99.12%','118',367,'Penalty Customers'),('LP001529','IP43152',2577,3750,'Rural','Y','low class',3.0,'4.56%','54.72%','152',888,'No Penalty'),('LP001531','IP43153',9166,0,'Urban','N','Grade-B',7.0,'17.08%','204.96%','244',484,'Penalty Customers'),('LP001532','IP43154',2281,0,'Rural','N','low class',3.0,'3.39%','40.68%','113',390,'Penalty Customers'),('LP001535','IP43155',3254,0,'Urban','Y','low class',5.0,'2.5%','30%','50',940,'High Cibil Sore'),('LP001536','IP43156',39999,0,'Semiurban','Y','Grade-A',7.0,'42%','504%','600',738,'Penalty Customers'),('LP001541','IP43157',6000,0,'Rural','Y','Middle class customer',7.0,'11.2%','134.4%','160',164,'Penalty Customers'),('LP001543','IP43158',9538,0,'Urban','Y','Grade-B',7.0,'13.09%','157.08%','187',483,'Penalty Customers'),('LP001546','IP43159',2980,2083,'Rural','Y','low class',3.0,'3.6%','43.2%','120',424,'Penalty Customers'),('LP001552','IP43160',4583,5625,'Semiurban','Y','low class',2.5,'6.375%','76.5%','255',934,'High Cibil Sore'),('LP001560','IP43161',1863,1041,'Semiurban','Y','low class',2.5,'2.45%','29.4%','98',805,'No Penalty'),('LP001562','IP43162',7933,0,'Urban','N','Middle class customer',7.0,'19.25%','231%','275',538,'Penalty Customers'),('LP001570','IP43164',4167,1447,'Rural','Y','low class',3.0,'4.74%','56.88%','158',82,'Penalty Customers'),('LP001572','IP43165',9323,0,'Urban','Y','Grade-B',7.0,'5.25%','63%','75',227,'Penalty Customers'),('LP001574','IP43166',3707,3166,'Rural','Y','low class',3.0,'5.46%','65.52%','182',471,'Penalty Customers'),('LP001577','IP43167',4583,0,'Rural','N','low class',3.0,'3.36%','40.32%','112',330,'Penalty Customers'),('LP001578','IP43168',2439,3333,'Rural','Y','low class',3.0,'3.87%','46.44%','129',61,'Penalty Customers'),('LP001579','IP43169',2237,0,'Semiurban','N','low class',2.5,'1.575%','18.9%','63',780,'No Penalty'),('LP001580','IP43170',8000,0,'Semiurban','Y','Middle class customer',7.0,'14%','168%','200',576,'Penalty Customers'),('LP001581','IP43171',1820,1769,'Rural','Y','low class',3.0,'2.85%','34.2%','95',258,'Penalty Customers'),('LP001585','IP43172',51763,0,'Urban','Y','Grade-A',7.0,'49%','588%','700',709,'Penalty Customers'),('LP001586','IP43173',3522,0,'Rural','N','low class',3.0,'2.43%','29.16%','81',662,'Penalty Customers'),('LP001594','IP43174',5708,5625,'Semiurban','Y','Middle class customer',7.0,'13.09%','157.08%','187',371,'Penalty Customers'),('LP001603','IP43175',4344,736,'Semiurban','N','low class',2.5,'2.175%','26.1%','87',710,'Penalty Customers'),('LP001606','IP43176',3497,1964,'Rural','Y','low class',3.0,'3.48%','41.76%','116',606,'Penalty Customers'),('LP001608','IP43177',2045,1619,'Rural','Y','low class',3.0,'3.03%','36.36%','101',789,'No Penalty'),('LP001610','IP43178',5516,11300,'Semiurban','N','Middle class customer',7.0,'34.65%','415.8%','495',793,'No Penalty'),('LP001616','IP43179',3750,0,'Semiurban','Y','low class',2.5,'2.9%','34.8%','116',473,'Penalty Customers'),('LP001630','IP43180',2333,1451,'Urban','N','low class',5.0,'5.1%','61.2%','102',440,'Penalty Customers'),('LP001633','IP43181',6400,7250,'Urban','N','Middle class customer',7.0,'12.6%','151.2%','180',283,'Penalty Customers'),('LP001636','IP43183',4600,0,'Semiurban','Y','low class',2.5,'1.825%','21.9%','73',433,'Penalty Customers'),('LP001637','IP43184',33846,0,'Semiurban','N','Grade-A',7.0,'18.2%','218.4%','260',660,'Penalty Customers'),('LP001639','IP43185',3625,0,'Semiurban','Y','low class',2.5,'2.7%','32.4%','108',395,'Penalty Customers'),('LP001640','IP43186',39147,4750,'Semiurban','Y','Grade-A',7.0,'8.4%','100.8%','120',72,'Penalty Customers'),('LP001641','IP43187',2178,0,'Rural','N','low class',3.0,'1.98%','23.76%','66',794,'No Penalty'),('LP001643','IP43188',2383,2138,'Rural','Y','low class',3.0,'1.74%','20.88%','58',902,'High Cibil Sore'),('LP001644','IP43189',674,5296,'Rural','Y','low class',3.0,'5.04%','60.48%','168',582,'Penalty Customers'),('LP001647','IP43190',9328,0,'Rural','Y','Grade-B',7.0,'13.16%','157.92%','188',264,'Penalty Customers'),('LP001653','IP43191',4885,0,'Rural','Y','low class',3.0,'1.44%','17.28%','48',700,'Penalty Customers'),('LP001656','IP43192',12000,0,'Semiurban','N','Grade-B',7.0,'11.48%','137.76%','164',513,'Penalty Customers'),('LP001657','IP43193',6033,0,'Urban','N','Middle class customer',7.0,'11.2%','134.4%','160',153,'Penalty Customers'),('LP001658','IP43194',3858,0,'Semiurban','Y','low class',2.5,'1.9%','22.8%','76',500,'Penalty Customers'),('LP001664','IP43195',4191,0,'Rural','Y','low class',3.0,'3.6%','43.2%','120',114,'Penalty Customers'),('LP001665','IP43196',3125,2583,'Semiurban','N','low class',2.5,'4.25%','51%','170',932,'High Cibil Sore'),('LP001666','IP43197',8333,3750,'Rural','Y','Middle class customer',7.0,'13.09%','157.08%','187',537,'Penalty Customers'),('LP001669','IP43198',1907,2365,'Urban','Y','low class',5.0,'6%','72%','120',520,'Penalty Customers'),('LP001671','IP43199',3416,2816,'Semiurban','Y','low class',2.5,'2.825%','33.9%','113',315,'Penalty Customers'),('LP001673','IP43200',11000,0,'Urban','N','Grade-B',7.0,'5.81%','69.72%','83',507,'Penalty Customers'),('LP001674','IP43201',2600,2500,'Semiurban','Y','low class',2.5,'2.25%','27%','90',420,'Penalty Customers'),('LP001677','IP43202',4923,0,'Semiurban','Y','low class',2.5,'4.15%','49.8%','166',289,'Penalty Customers'),('LP001688','IP43204',3500,1083,'Urban','Y','low class',5.0,'6.75%','81%','135',947,'High Cibil Sore'),('LP001691','IP43205',3917,0,'Semiurban','Y','low class',2.5,'3.1%','37.2%','124',642,'Penalty Customers'),('LP001692','IP43206',4408,0,'Semiurban','Y','low class',2.5,'3%','36%','120',638,'Penalty Customers'),('LP001693','IP43207',3244,0,'Urban','Y','low class',5.0,'4%','48%','80',303,'Penalty Customers'),('LP001698','IP43208',3975,2531,'Rural','Y','low class',3.0,'1.65%','19.8%','55',816,'No Penalty'),('LP001699','IP43209',2479,0,'Urban','Y','low class',5.0,'2.95%','35.4%','59',873,'No Penalty'),('LP001702','IP43210',3418,0,'Semiurban','N','low class',2.5,'3.175%','38.1%','127',80,'Penalty Customers'),('LP001708','IP43211',10000,0,'Semiurban','N','Grade-B',7.0,'14.98%','179.76%','214',814,'No Penalty'),('LP001711','IP43212',3430,1250,'Semiurban','N','low class',2.5,'3.2%','38.4%','128',981,'High Cibil Sore'),('LP001713','IP43213',7787,0,'Urban','Y','Middle class customer',7.0,'16.8%','201.6%','240',728,'Penalty Customers'),('LP001715','IP43214',5703,0,'Rural','Y','Middle class customer',7.0,'9.1%','109.2%','130',738,'Penalty Customers'),('LP001716','IP43215',3173,3021,'Urban','Y','low class',5.0,'6.85%','82.2%','137',145,'Penalty Customers'),('LP001720','IP43216',3850,983,'Semiurban','Y','low class',2.5,'2.5%','30%','100',753,'No Penalty'),('LP001722','IP43217',150,1800,'Rural','N','low class',3.0,'4.05%','48.6%','135',249,'Penalty Customers'),('LP001726','IP43218',3727,1775,'Semiurban','Y','low class',2.5,'3.275%','39.3%','131',237,'Penalty Customers'),('LP001732','IP43219',5000,0,'Semiurban','N','low class',7.0,'5.04%','60.48%','72',854,'No Penalty'),('LP001734','IP43220',4283,2383,'Semiurban','Y','low class',2.5,'3.175%','38.1%','127',751,'No Penalty'),('LP001736','IP43221',2221,0,'Urban','N','low class',5.0,'3%','36%','60',897,'No Penalty'),('LP001743','IP43222',4009,1717,'Semiurban','Y','low class',2.5,'2.9%','34.8%','116',805,'No Penalty'),('LP001744','IP43223',2971,2791,'Semiurban','Y','low class',2.5,'3.6%','43.2%','144',637,'Penalty Customers'),('LP001749','IP43224',7578,1010,'Semiurban','Y','Middle class customer',7.0,'12.25%','147%','175',56,'Penalty Customers'),('LP001750','IP43225',6250,0,'Semiurban','Y','Middle class customer',7.0,'8.96%','107.52%','128',312,'Penalty Customers'),('LP001751','IP43226',3250,0,'Rural','N','low class',3.0,'5.1%','61.2%','170',931,'High Cibil Sore'),('LP001754','IP43227',4735,0,'Urban','N','low class',5.0,'6.9%','82.8%','138',662,'Penalty Customers'),('LP001758','IP43228',6250,1695,'Semiurban','Y','Middle class customer',7.0,'14.7%','176.4%','210',63,'Penalty Customers'),('LP001760','IP43229',4758,0,'Semiurban','Y','low class',2.5,'3.95%','47.4%','158',108,'Penalty Customers'),('LP001761','IP43230',6400,0,'Rural','Y','Middle class customer',7.0,'14%','168%','200',982,'High Cibil Sore'),('LP001768','IP43232',3716,0,'Rural','Y','low class',3.0,'1.26%','15.12%','42',414,'Penalty Customers'),('LP001770','IP43233',3189,2598,'Rural','Y','low class',3.0,'3.6%','43.2%','120',575,'Penalty Customers'),('LP001776','IP43234',8333,0,'Semiurban','Y','Middle class customer',7.0,'19.6%','235.2%','280',667,'Penalty Customers'),('LP001778','IP43235',3155,1779,'Semiurban','Y','low class',2.5,'3.5%','42%','140',171,'Penalty Customers'),('LP001784','IP43236',5500,1260,'Rural','Y','Middle class customer',7.0,'11.9%','142.8%','170',819,'No Penalty'),('LP001786','IP43237',5746,0,'Urban','N','Middle class customer',7.0,'17.85%','214.2%','255',392,'Penalty Customers'),('LP001788','IP43238',3463,0,'Urban','Y','low class',5.0,'6.1%','73.2%','122',129,'Penalty Customers'),('LP001790','IP43239',3812,0,'Rural','Y','low class',3.0,'3.36%','40.32%','112',886,'No Penalty'),('LP001792','IP43240',3315,0,'Semiurban','Y','low class',2.5,'2.4%','28.8%','96',808,'No Penalty'),('LP001798','IP43241',5819,5000,'Rural','Y','Middle class customer',7.0,'8.4%','100.8%','120',668,'Penalty Customers'),('LP001800','IP43242',2510,1983,'Urban','N','low class',5.0,'7%','84%','140',783,'No Penalty'),('LP001806','IP43243',2965,5701,'Urban','Y','low class',5.0,'7.75%','93%','155',886,'No Penalty'),('LP001807','IP43244',6250,1300,'Rural','Y','Middle class customer',7.0,'7.56%','90.72%','108',659,'Penalty Customers'),('LP001811','IP43245',3406,4417,'Semiurban','Y','low class',2.5,'3.075%','36.9%','123',925,'High Cibil Sore'),('LP001813','IP43246',6050,4333,'Urban','N','Middle class customer',7.0,'8.4%','100.8%','120',366,'Penalty Customers'),('LP001814','IP43247',9703,0,'Urban','Y','Grade-B',7.0,'7.84%','94.08%','112',871,'No Penalty'),('LP001819','IP43248',6608,0,'Urban','Y','Middle class customer',7.0,'9.59%','115.08%','137',492,'Penalty Customers'),('LP001824','IP43249',2882,1843,'Semiurban','Y','low class',2.5,'3.075%','36.9%','123',472,'Penalty Customers'),('LP001825','IP43250',1809,1868,'Urban','Y','low class',5.0,'4.5%','54%','90',216,'Penalty Customers'),('LP001835','IP43251',1668,3890,'Semiurban','N','low class',2.5,'5.025%','60.3%','201',310,'Penalty Customers'),('LP001836','IP43252',3427,0,'Urban','N','low class',5.0,'6.9%','82.8%','138',982,'High Cibil Sore'),('LP001841','IP43253',2583,2167,'Rural','Y','low class',3.0,'3.12%','37.44%','104',91,'Penalty Customers'),('LP001843','IP43254',2661,7101,'Semiurban','Y','low class',2.5,'6.975%','83.7%','279',952,'High Cibil Sore'),('LP001844','IP43255',16250,0,'Urban','N','Grade-A',7.0,'13.44%','161.28%','192',793,'No Penalty'),('LP001846','IP43256',3083,0,'Rural','Y','low class',3.0,'7.65%','91.8%','255',309,'Penalty Customers'),('LP001849','IP43257',6045,0,'Rural','N','Middle class customer',7.0,'8.05%','96.6%','115',980,'High Cibil Sore'),('LP001854','IP43258',5250,0,'Urban','N','Middle class customer',7.0,'6.58%','78.96%','94',425,'Penalty Customers'),('LP001859','IP43259',14683,2100,'Rural','N','Grade-B',7.0,'21.28%','255.36%','304',243,'Penalty Customers'),('LP001864','IP43260',4931,0,'Semiurban','N','low class',2.5,'3.2%','38.4%','128',618,'Penalty Customers'),('LP001865','IP43261',6083,4250,'Urban','Y','Middle class customer',7.0,'23.1%','277.2%','330',291,'Penalty Customers'),('LP001868','IP43262',2060,2209,'Semiurban','Y','low class',2.5,'3.35%','40.2%','134',418,'Penalty Customers'),('LP001870','IP43263',3481,0,'Semiurban','N','low class',2.5,'3.875%','46.5%','155',245,'Penalty Customers'),('LP001871','IP43264',7200,0,'Rural','Y','Middle class customer',7.0,'8.4%','100.8%','120',475,'Penalty Customers'),('LP001872','IP43265',5166,0,'Semiurban','Y','Middle class customer',7.0,'8.96%','107.52%','128',583,'Penalty Customers'),('LP001875','IP43266',4095,3447,'Rural','Y','low class',3.0,'4.53%','54.36%','151',387,'Penalty Customers'),('LP001877','IP43267',4708,1387,'Semiurban','Y','low class',2.5,'3.75%','45%','150',292,'Penalty Customers'),('LP001882','IP43268',4333,1811,'Urban','Y','low class',5.0,'8%','96%','160',56,'Penalty Customers'),('LP001883','IP43269',3418,0,'Rural','N','low class',3.0,'4.05%','48.6%','135',732,'Penalty Customers'),('LP001884','IP43270',2876,1560,'Urban','Y','low class',5.0,'4.5%','54%','90',70,'Penalty Customers'),('LP001888','IP43271',3237,0,'Urban','Y','low class',5.0,'1.5%','18%','30',438,'Penalty Customers'),('LP001891','IP43272',11146,0,'Urban','Y','Grade-B',7.0,'9.52%','114.24%','136',568,'Penalty Customers'),('LP001892','IP43273',2833,1857,'Rural','Y','low class',3.0,'3.78%','45.36%','126',166,'Penalty Customers'),('LP001894','IP43274',2620,2223,'Semiurban','Y','low class',2.5,'3.75%','45%','150',952,'High Cibil Sore'),('LP001896','IP43275',3900,0,'Semiurban','Y','low class',2.5,'2.25%','27%','90',763,'No Penalty'),('LP001900','IP43276',2750,1842,'Semiurban','Y','low class',2.5,'2.875%','34.5%','115',999,'High Cibil Sore'),('LP001903','IP43277',3993,3274,'Semiurban','Y','low class',2.5,'5.175%','62.1%','207',468,'Penalty Customers'),('LP001904','IP43278',3103,1300,'Urban','Y','low class',5.0,'4%','48%','80',201,'Penalty Customers'),('LP001907','IP43279',14583,0,'Semiurban','Y','Grade-B',7.0,'30.52%','366.24%','436',398,'Penalty Customers'),('LP001908','IP43280',4100,0,'Rural','Y','low class',3.0,'3.72%','44.64%','124',320,'Penalty Customers'),('LP001910','IP43281',4053,2426,'Urban','N','low class',5.0,'7.9%','94.8%','158',932,'High Cibil Sore'),('LP001914','IP43282',3927,800,'Semiurban','Y','low class',2.5,'2.8%','33.6%','112',641,'Penalty Customers'),('LP001915','IP43283',2301,986,'Urban','Y','low class',5.0,'3.9%','46.8%','78',818,'No Penalty'),('LP001917','IP43284',1811,1666,'Urban','Y','low class',5.0,'2.7%','32.4%','54',592,'Penalty Customers'),('LP001924','IP43286',3158,3053,'Rural','Y','low class',3.0,'2.67%','32.04%','89',760,'No Penalty'),('LP001925','IP43287',2600,1717,'Semiurban','N','low class',2.5,'2.475%','29.7%','99',497,'Penalty Customers'),('LP001926','IP43288',3704,2000,'Rural','Y','low class',3.0,'3.6%','43.2%','120',55,'Penalty Customers'),('LP001931','IP43289',4124,0,'Semiurban','Y','low class',2.5,'2.875%','34.5%','115',447,'Penalty Customers'),('LP001935','IP43290',9508,0,'Rural','Y','Grade-B',7.0,'13.09%','157.08%','187',718,'Penalty Customers'),('LP001936','IP43291',3075,2416,'Rural','Y','low class',3.0,'4.17%','50.04%','139',560,'Penalty Customers'),('LP001938','IP43292',4400,0,'Semiurban','N','low class',2.5,'3.175%','38.1%','127',574,'Penalty Customers'),('LP001940','IP43293',3153,1560,'Urban','Y','low class',5.0,'6.7%','80.4%','134',172,'Penalty Customers'),('LP001945','IP43294',5417,0,'Urban','N','Middle class customer',7.0,'10.01%','120.12%','143',231,'Penalty Customers'),('LP001947','IP43295',2383,3334,'Semiurban','Y','low class',2.5,'4.3%','51.6%','172',152,'Penalty Customers'),('LP001949','IP43296',4416,1250,'Urban','Y','low class',5.0,'5.5%','66%','110',702,'Penalty Customers'),('LP001953','IP43297',6875,0,'Semiurban','Y','Middle class customer',7.0,'14%','168%','200',703,'Penalty Customers'),('LP001954','IP43298',4666,0,'Urban','Y','low class',5.0,'6.75%','81%','135',650,'Penalty Customers'),('LP001955','IP43299',5000,2541,'Rural','N','low class',7.0,'10.57%','126.84%','151',587,'Penalty Customers'),('LP001963','IP43300',2014,2925,'Urban','N','low class',5.0,'5.65%','67.8%','113',642,'Penalty Customers'),('LP001964','IP43301',1800,2934,'Urban','N','low class',5.0,'4.65%','55.8%','93',918,'High Cibil Sore'),('LP001972','IP43302',2875,1750,'Semiurban','Y','low class',2.5,'2.625%','31.5%','105',405,'Penalty Customers'),('LP001974','IP43303',5000,0,'Rural','Y','low class',7.0,'9.24%','110.88%','132',359,'Penalty Customers'),('LP001977','IP43304',1625,1803,'Urban','Y','low class',5.0,'4.8%','57.6%','96',53,'Penalty Customers'),('LP001978','IP43305',4000,2500,'Rural','Y','low class',3.0,'4.2%','50.4%','140',98,'Penalty Customers'),('LP001993','IP43307',3762,1666,'Rural','Y','low class',3.0,'4.05%','48.6%','135',268,'Penalty Customers'),('LP001994','IP43308',2400,1863,'Urban','N','low class',5.0,'5.2%','62.4%','104',147,'Penalty Customers'),('LP001996','IP43309',20233,0,'Rural','N','Grade-A',7.0,'33.6%','403.2%','480',362,'Penalty Customers'),('LP001998','IP43310',7667,0,'Rural','Y','Middle class customer',7.0,'12.95%','155.4%','185',361,'Penalty Customers'),('LP002002','IP43311',2917,0,'Semiurban','Y','low class',2.5,'2.1%','25.2%','84',622,'Penalty Customers'),('LP002004','IP43312',2927,2405,'Semiurban','Y','low class',2.5,'2.775%','33.3%','111',116,'Penalty Customers'),('LP002006','IP43313',2507,0,'Rural','Y','low class',3.0,'1.68%','20.16%','56',958,'High Cibil Sore'),('LP002008','IP43314',5746,0,'Rural','Y','Middle class customer',7.0,'10.08%','120.96%','144',555,'Penalty Customers'),('LP002024','IP43315',2473,1843,'Rural','N','low class',3.0,'4.77%','57.24%','159',713,'Penalty Customers'),('LP002031','IP43316',3399,1640,'Urban','Y','low class',5.0,'5.55%','66.6%','111',56,'Penalty Customers'),('LP002035','IP43317',3717,0,'Semiurban','Y','low class',2.5,'3%','36%','120',930,'High Cibil Sore'),('LP002036','IP43318',2058,2134,'Urban','Y','low class',5.0,'4.4%','52.8%','88',126,'Penalty Customers'),('LP002043','IP43319',3541,0,'Semiurban','Y','low class',2.5,'2.8%','33.6%','112',697,'Penalty Customers'),('LP002050','IP43320',10000,0,'Rural','N','Grade-B',7.0,'10.85%','130.2%','155',285,'Penalty Customers'),('LP002051','IP43321',2400,2167,'Semiurban','Y','low class',2.5,'2.875%','34.5%','115',654,'Penalty Customers'),('LP002053','IP43322',4342,189,'Semiurban','Y','low class',2.5,'3.1%','37.2%','124',953,'High Cibil Sore'),('LP002055','IP43324',3166,2985,'Rural','Y','low class',3.0,'3.96%','47.52%','132',381,'Penalty Customers'),('LP002065','IP43325',15000,0,'Rural','Y','Grade-B',7.0,'21%','252%','300',819,'No Penalty'),('LP002067','IP43326',8666,4983,'Rural','N','Middle class customer',7.0,'26.32%','315.84%','376',373,'Penalty Customers'),('LP002068','IP43327',4917,0,'Rural','Y','low class',3.0,'3.9%','46.8%','130',324,'Penalty Customers'),('LP002082','IP43328',5818,2160,'Semiurban','Y','Middle class customer',7.0,'12.88%','154.56%','184',900,'No Penalty'),('LP002086','IP43329',4333,2451,'Urban','N','low class',5.0,'5.5%','66%','110',503,'Penalty Customers'),('LP002087','IP43330',2500,0,'Urban','Y','low class',5.0,'3.35%','40.2%','67',524,'Penalty Customers'),('LP002097','IP43331',4384,1793,'Urban','Y','low class',5.0,'5.85%','70.2%','117',139,'Penalty Customers'),('LP002098','IP43332',2935,0,'Semiurban','Y','low class',2.5,'2.45%','29.4%','98',317,'Penalty Customers'),('LP002100','IP43333',2833,0,'Urban','Y','low class',5.0,'3.55%','42.6%','71',868,'No Penalty'),('LP002101','IP43334',63337,0,'Urban','Y','Grade-A',7.0,'34.3%','411.6%','490',555,'Penalty Customers'),('LP002103','IP43335',9833,1833,'Urban','Y','Grade-B',7.0,'12.74%','152.88%','182',440,'Penalty Customers'),('LP002106','IP43336',5503,4490,'Semiurban','Y','Middle class customer',7.0,'4.9%','58.8%','70',401,'Penalty Customers'),('LP002110','IP43337',5250,688,'Rural','Y','Middle class customer',7.0,'11.2%','134.4%','160',389,'Penalty Customers'),('LP002112','IP43338',2500,4600,'Rural','Y','low class',3.0,'5.28%','63.36%','176',979,'High Cibil Sore'),('LP002114','IP43340',4160,0,'Semiurban','Y','low class',2.5,'1.775%','21.3%','71',895,'No Penalty'),('LP002115','IP43341',2647,1587,'Rural','N','low class',3.0,'5.19%','62.28%','173',365,'Penalty Customers'),('LP002116','IP43342',2378,0,'Rural','N','low class',3.0,'1.38%','16.56%','46',258,'Penalty Customers'),('LP002119','IP43343',4554,1229,'Urban','Y','low class',5.0,'7.9%','94.8%','158',735,'Penalty Customers'),('LP002126','IP43344',3173,0,'Semiurban','Y','low class',2.5,'1.85%','22.2%','74',90,'Penalty Customers'),('LP002128','IP43345',2583,2330,'Rural','Y','low class',3.0,'3.75%','45%','125',453,'Penalty Customers'),('LP002129','IP43346',2499,2458,'Semiurban','Y','low class',2.5,'4%','48%','160',840,'No Penalty'),('LP002130','IP43347',3523,3230,'Rural','N','low class',3.0,'4.56%','54.72%','152',319,'Penalty Customers'),('LP002131','IP43348',3083,2168,'Urban','Y','low class',5.0,'6.3%','75.6%','126',294,'Penalty Customers'),('LP002137','IP43349',6333,4583,'Semiurban','Y','Middle class customer',7.0,'18.13%','217.56%','259',634,'Penalty Customers'),('LP002138','IP43350',2625,6250,'Rural','Y','low class',3.0,'5.61%','67.32%','187',544,'Penalty Customers'),('LP002139','IP43351',9083,0,'Semiurban','Y','Grade-B',7.0,'15.96%','191.52%','228',655,'Penalty Customers'),('LP002140','IP43352',8750,4167,'Rural','N','Middle class customer',7.0,'21.56%','258.72%','308',308,'Penalty Customers'),('LP002141','IP43353',2666,2083,'Rural','Y','low class',3.0,'2.85%','34.2%','95',102,'Penalty Customers'),('LP002142','IP43354',5500,0,'Rural','N','Middle class customer',7.0,'7.35%','88.2%','105',878,'No Penalty'),('LP002143','IP43355',2423,505,'Semiurban','Y','low class',2.5,'3.25%','39%','130',861,'No Penalty'),('LP002144','IP43356',3813,0,'Urban','Y','low class',5.0,'5.8%','69.6%','116',766,'No Penalty'),('LP002149','IP43357',8333,3167,'Rural','Y','Middle class customer',7.0,'11.55%','138.6%','165',951,'High Cibil Sore'),('LP002151','IP43358',3875,0,'Urban','N','low class',5.0,'3.35%','40.2%','67',799,'No Penalty'),('LP002158','IP43359',3000,1666,'Urban','N','low class',5.0,'5%','60%','100',397,'Penalty Customers'),('LP002160','IP43360',5167,3167,'Semiurban','Y','Middle class customer',7.0,'14%','168%','200',253,'Penalty Customers'),('LP002161','IP43361',4723,0,'Semiurban','N','low class',2.5,'2.025%','24.3%','81',148,'Penalty Customers'),('LP002170','IP43362',5000,3667,'Semiurban','Y','low class',7.0,'16.52%','198.24%','236',675,'Penalty Customers'),('LP002175','IP43363',4750,2333,'Urban','Y','low class',5.0,'6.5%','78%','130',978,'High Cibil Sore'),('LP002178','IP43364',3013,3033,'Urban','Y','low class',5.0,'4.75%','57%','95',161,'Penalty Customers'),('LP002180','IP43365',6822,0,'Rural','Y','Middle class customer',7.0,'9.87%','118.44%','141',234,'Penalty Customers'),('LP002181','IP43366',6216,0,'Rural','N','Middle class customer',7.0,'9.31%','111.72%','133',869,'No Penalty'),('LP002187','IP43367',2500,0,'Semiurban','N','low class',2.5,'2.4%','28.8%','96',701,'Penalty Customers'),('LP002188','IP43368',5124,0,'Rural','N','Middle class customer',7.0,'8.68%','104.16%','124',98,'Penalty Customers'),('LP002190','IP43369',6325,0,'Semiurban','Y','Middle class customer',7.0,'12.25%','147%','175',435,'Penalty Customers'),('LP002191','IP43370',19730,5266,'Rural','N','Grade-A',7.0,'39.9%','478.8%','570',323,'Penalty Customers'),('LP002194','IP43371',15759,0,'Semiurban','Y','Grade-A',7.0,'3.85%','46.2%','55',331,'Penalty Customers'),('LP002197','IP43372',5185,0,'Semiurban','Y','Middle class customer',7.0,'10.85%','130.2%','155',736,'Penalty Customers'),('LP002201','IP43373',9323,7873,'Rural','Y','Grade-B',7.0,'26.6%','319.2%','380',831,'No Penalty'),('LP002205','IP43374',3062,1987,'Urban','N','low class',5.0,'5.55%','66.6%','111',699,'Penalty Customers'),('LP002209','IP43375',2764,1459,'Urban','Y','low class',5.0,'5.5%','66%','110',697,'Penalty Customers'),('LP002211','IP43376',4817,923,'Urban','Y','low class',5.0,'6%','72%','120',846,'No Penalty'),('LP002219','IP43377',8750,4996,'Rural','Y','Middle class customer',7.0,'9.1%','109.2%','130',158,'Penalty Customers'),('LP002223','IP43378',4310,0,'Semiurban','Y','low class',2.5,'3.25%','39%','130',908,'High Cibil Sore'),('LP002224','IP43379',3069,0,'Urban','N','low class',5.0,'3.55%','42.6%','71',317,'Penalty Customers'),('LP002225','IP43380',5391,0,'Urban','Y','Middle class customer',7.0,'9.1%','109.2%','130',203,'Penalty Customers'),('LP002226','IP43381',3333,2500,'Semiurban','Y','low class',2.5,'3.2%','38.4%','128',887,'No Penalty'),('LP002229','IP43382',5941,4232,'Semiurban','Y','Middle class customer',7.0,'20.72%','248.64%','296',673,'Penalty Customers'),('LP002231','IP43383',6000,0,'Urban','Y','Middle class customer',7.0,'10.92%','131.04%','156',443,'Penalty Customers'),('LP002234','IP43384',7167,0,'Urban','Y','Middle class customer',7.0,'8.96%','107.52%','128',828,'No Penalty'),('LP002236','IP43385',4566,0,'Urban','N','low class',5.0,'5%','60%','100',562,'Penalty Customers'),('LP002237','IP43386',3667,0,'Urban','Y','low class',5.0,'5.65%','67.8%','113',52,'Penalty Customers'),('LP002239','IP43387',2346,1600,'Semiurban','Y','low class',2.5,'3.3%','39.6%','132',337,'Penalty Customers'),('LP002244','IP43389',2333,2417,'Urban','Y','low class',5.0,'6.8%','81.6%','136',884,'No Penalty'),('LP002250','IP43390',5488,0,'Rural','Y','Middle class customer',7.0,'8.75%','105%','125',320,'Penalty Customers'),('LP002255','IP43391',9167,0,'Rural','Y','Grade-B',7.0,'12.95%','155.4%','185',897,'No Penalty'),('LP002262','IP43392',9504,0,'Rural','Y','Grade-B',7.0,'19.25%','231%','275',882,'No Penalty'),('LP002263','IP43393',2583,2115,'Urban','Y','low class',5.0,'6%','72%','120',946,'High Cibil Sore'),('LP002265','IP43394',1993,1625,'Semiurban','Y','low class',2.5,'2.825%','33.9%','113',733,'Penalty Customers'),('LP002266','IP43395',3100,1400,'Urban','Y','low class',5.0,'5.65%','67.8%','113',213,'Penalty Customers'),('LP002272','IP43396',3276,484,'Semiurban','Y','low class',2.5,'3.375%','40.5%','135',507,'Penalty Customers'),('LP002277','IP43397',3180,0,'Urban','N','low class',5.0,'3.55%','42.6%','71',403,'Penalty Customers'),('LP002281','IP43398',3033,1459,'Urban','Y','low class',5.0,'4.75%','57%','95',478,'Penalty Customers'),('LP002284','IP43399',3902,1666,'Rural','Y','low class',3.0,'3.27%','39.24%','109',216,'Penalty Customers'),('LP002287','IP43400',1500,1800,'Semiurban','N','low class',2.5,'2.575%','30.9%','103',459,'Penalty Customers'),('LP002288','IP43401',2889,0,'Urban','N','low class',5.0,'2.25%','27%','45',826,'No Penalty'),('LP002296','IP43402',2755,0,'Rural','N','low class',3.0,'1.95%','23.4%','65',971,'High Cibil Sore'),('LP002297','IP43403',2500,20000,'Semiurban','Y','low class',2.5,'2.575%','30.9%','103',806,'No Penalty'),('LP002300','IP43404',1963,0,'Semiurban','Y','low class',2.5,'1.325%','15.9%','53',775,'No Penalty'),('LP002301','IP43405',7441,0,'Rural','N','Middle class customer',7.0,'13.58%','162.96%','194',99,'Penalty Customers'),('LP002305','IP43406',4547,0,'Semiurban','Y','low class',2.5,'2.875%','34.5%','115',283,'Penalty Customers'),('LP002308','IP43407',2167,2400,'Urban','Y','low class',5.0,'5.75%','69%','115',784,'No Penalty'),('LP002314','IP43408',2213,0,'Rural','Y','low class',3.0,'1.98%','23.76%','66',822,'No Penalty'),('LP002315','IP43409',8300,0,'Semiurban','N','Middle class customer',7.0,'10.64%','127.68%','152',143,'Penalty Customers'),('LP002317','IP43410',81000,0,'Rural','N','Grade-A',7.0,'25.2%','302.4%','360',484,'Penalty Customers'),('LP002318','IP43411',3867,0,'Semiurban','N','low class',2.5,'1.55%','18.6%','62',779,'No Penalty'),('LP002319','IP43412',6256,0,'Urban','Y','Middle class customer',7.0,'11.2%','134.4%','160',842,'No Penalty'),('LP002328','IP43413',6096,0,'Rural','N','Middle class customer',7.0,'15.26%','183.12%','218',725,'Penalty Customers'),('LP002332','IP43414',2253,2033,'Rural','Y','low class',3.0,'3.3%','39.6%','110',607,'Penalty Customers'),('LP002335','IP43415',2149,3237,'Semiurban','N','low class',2.5,'4.45%','53.4%','178',685,'Penalty Customers'),('LP002337','IP43416',2995,0,'Urban','Y','low class',5.0,'3%','36%','60',834,'No Penalty'),('LP002341','IP43417',2600,0,'Urban','N','low class',5.0,'8%','96%','160',260,'Penalty Customers'),('LP002342','IP43418',1600,20000,'Urban','N','low class',5.0,'11.95%','143.4%','239',108,'Penalty Customers'),('LP002345','IP43419',1025,2773,'Rural','Y','low class',3.0,'3.36%','40.32%','112',229,'Penalty Customers'),('LP002347','IP43420',3246,1417,'Semiurban','Y','low class',2.5,'3.45%','41.4%','138',718,'Penalty Customers'),('LP002348','IP43421',5829,0,'Rural','Y','Middle class customer',7.0,'9.66%','115.92%','138',632,'Penalty Customers'),('LP002357','IP43422',2720,0,'Urban','N','low class',5.0,'4%','48%','80',447,'Penalty Customers'),('LP002361','IP43423',1820,1719,'Urban','Y','low class',5.0,'5%','60%','100',190,'Penalty Customers'),('LP002362','IP43424',7250,1667,'Urban','N','Middle class customer',7.0,'7.7%','92.4%','110',285,'Penalty Customers'),('LP002364','IP43425',14880,0,'Semiurban','Y','Grade-B',7.0,'6.72%','80.64%','96',576,'Penalty Customers'),('LP002366','IP43426',2666,4300,'Rural','Y','low class',3.0,'3.63%','43.56%','121',555,'Penalty Customers'),('LP002367','IP43427',4606,0,'Rural','N','low class',3.0,'2.43%','29.16%','81',74,'Penalty Customers'),('LP002368','IP43428',5935,0,'Semiurban','Y','Middle class customer',7.0,'9.31%','111.72%','133',559,'Penalty Customers'),('LP002369','IP43429',2920,16,'Rural','Y','low class',3.0,'2.61%','31.32%','87',625,'Penalty Customers'),('LP002370','IP43430',2717,0,'Urban','Y','low class',5.0,'3%','36%','60',889,'No Penalty'),('LP002377','IP43431',8624,0,'Semiurban','Y','Middle class customer',7.0,'10.5%','126%','150',866,'No Penalty'),('LP002379','IP43432',6500,0,'Rural','N','Middle class customer',7.0,'7.35%','88.2%','105',61,'Penalty Customers'),('LP002386','IP43433',12876,0,'Semiurban','Y','Grade-B',7.0,'28.35%','340.2%','405',642,'Penalty Customers'),('LP002387','IP43434',2425,2340,'Semiurban','Y','low class',2.5,'3.575%','42.9%','143',953,'High Cibil Sore'),('LP002390','IP43435',3750,0,'Urban','Y','low class',5.0,'5%','60%','100',539,'Penalty Customers'),('LP002398','IP43437',1926,1851,'Semiurban','Y','low class',2.5,'1.25%','15%','50',961,'High Cibil Sore'),('LP002403','IP43439',10416,0,'Urban','N','Grade-B',7.0,'13.09%','157.08%','187',272,'Penalty Customers'),('LP002407','IP43440',7142,0,'Rural','Y','Middle class customer',7.0,'9.66%','115.92%','138',865,'No Penalty'),('LP002409','IP43442',7901,1833,'Rural','Y','Middle class customer',7.0,'12.6%','151.2%','180',631,'Penalty Customers'),('LP002418','IP43443',4707,1993,'Semiurban','Y','low class',2.5,'3.7%','44.4%','148',130,'Penalty Customers'),('LP002422','IP43444',37719,0,'Semiurban','Y','Grade-A',7.0,'10.64%','127.68%','152',730,'Penalty Customers'),('LP002424','IP43445',7333,8333,'Rural','Y','Middle class customer',7.0,'12.25%','147%','175',807,'No Penalty'),('LP002429','IP43446',3466,1210,'Rural','Y','low class',3.0,'3.9%','46.8%','130',127,'Penalty Customers'),('LP002434','IP43447',4652,0,'Rural','Y','low class',3.0,'3.3%','39.6%','110',460,'Penalty Customers'),('LP002435','IP43448',3539,1376,'Rural','N','low class',3.0,'1.65%','19.8%','55',837,'No Penalty'),('LP002443','IP43449',3340,1710,'Rural','N','low class',3.0,'4.5%','54%','150',486,'Penalty Customers'),('LP002444','IP43450',2769,1542,'Semiurban','N','low class',2.5,'4.75%','57%','190',379,'Penalty Customers'),('LP002446','IP43451',2309,1255,'Rural','N','low class',3.0,'3.75%','45%','125',205,'Penalty Customers'),('LP002447','IP43452',1958,1456,'Urban','Y','low class',5.0,'3%','36%','60',802,'No Penalty'),('LP002448','IP43453',3948,1733,'Rural','N','low class',3.0,'4.47%','53.64%','149',252,'Penalty Customers'),('LP002449','IP43454',2483,2466,'Rural','Y','low class',3.0,'2.7%','32.4%','90',903,'High Cibil Sore'),('LP002453','IP43455',7085,0,'Semiurban','Y','Middle class customer',7.0,'5.88%','70.56%','84',100,'Penalty Customers'),('LP002455','IP43456',3859,0,'Semiurban','Y','low class',2.5,'2.4%','28.8%','96',928,'High Cibil Sore'),('LP002459','IP43457',4301,0,'Urban','Y','low class',5.0,'5.9%','70.8%','118',231,'Penalty Customers'),('LP002467','IP43458',3708,2569,'Urban','N','low class',5.0,'8.65%','103.8%','173',918,'High Cibil Sore'),('LP002472','IP43459',4354,0,'Rural','Y','low class',3.0,'4.08%','48.96%','136',662,'Penalty Customers'),('LP002473','IP43460',8334,0,'Semiurban','N','Middle class customer',7.0,'11.2%','134.4%','160',465,'Penalty Customers'),('LP002478','IP43461',2083,4083,'Semiurban','Y','low class',2.5,'4%','48%','160',965,'High Cibil Sore'),('LP002484','IP43462',7740,0,'Urban','Y','Middle class customer',7.0,'8.96%','107.52%','128',568,'Penalty Customers'),('LP002487','IP43463',3015,2188,'Rural','Y','low class',3.0,'4.59%','55.08%','153',698,'Penalty Customers'),('LP002489','IP43464',5191,0,'Semiurban','Y','Middle class customer',7.0,'9.24%','110.88%','132',214,'Penalty Customers'),('LP002493','IP43465',4166,0,'Semiurban','N','low class',2.5,'2.45%','29.4%','98',978,'High Cibil Sore'),('LP002494','IP43466',6000,0,'Rural','Y','Middle class customer',7.0,'9.8%','117.6%','140',403,'Penalty Customers'),('LP002500','IP43467',2947,1664,'Urban','N','low class',5.0,'3.5%','42%','70',292,'Penalty Customers'),('LP002501','IP43468',16692,0,'Semiurban','Y','Grade-A',7.0,'7.7%','92.4%','110',671,'Penalty Customers'),('LP002502','IP43469',210,2917,'Semiurban','Y','low class',2.5,'2.45%','29.4%','98',71,'Penalty Customers'),('LP002505','IP43470',4333,2451,'Urban','N','low class',5.0,'5.5%','66%','110',167,'Penalty Customers'),('LP002515','IP43471',3450,2079,'Semiurban','Y','low class',2.5,'4.05%','48.6%','162',970,'High Cibil Sore'),('LP002517','IP43472',2653,1500,'Rural','N','low class',3.0,'3.39%','40.68%','113',650,'Penalty Customers'),('LP002519','IP43473',4691,0,'Semiurban','Y','low class',2.5,'2.5%','30%','100',649,'Penalty Customers'),('LP002522','IP43474',2500,0,'Urban','Y','low class',5.0,'4.65%','55.8%','93',104,'Penalty Customers'),('LP002524','IP43475',5532,4648,'Rural','Y','Middle class customer',7.0,'11.34%','136.08%','162',567,'Penalty Customers'),('LP002527','IP43476',16525,1014,'Rural','Y','Grade-A',7.0,'10.5%','126%','150',984,'High Cibil Sore'),('LP002529','IP43477',6700,1750,'Semiurban','Y','Middle class customer',7.0,'16.1%','193.2%','230',175,'Penalty Customers'),('LP002530','IP43478',2873,1872,'Semiurban','N','low class',2.5,'3.3%','39.6%','132',431,'Penalty Customers'),('LP002531','IP43479',16667,2250,'Semiurban','Y','Grade-A',7.0,'6.02%','72.24%','86',416,'Penalty Customers'),('LP002534','IP43481',4350,0,'Rural','Y','low class',3.0,'4.62%','55.44%','154',981,'High Cibil Sore'),('LP002536','IP43482',3095,0,'Rural','Y','low class',3.0,'3.39%','40.68%','113',950,'High Cibil Sore'),('LP002537','IP43483',2083,3150,'Semiurban','Y','low class',2.5,'3.2%','38.4%','128',226,'Penalty Customers'),('LP002541','IP43484',10833,0,'Semiurban','Y','Grade-B',7.0,'16.38%','196.56%','234',74,'Penalty Customers'),('LP002543','IP43485',8333,0,'Semiurban','Y','Middle class customer',7.0,'17.22%','206.64%','246',551,'Penalty Customers'),('LP002544','IP43486',1958,2436,'Rural','Y','low class',3.0,'3.93%','47.16%','131',547,'Penalty Customers'),('LP002545','IP43487',3547,0,'Rural','N','low class',3.0,'2.4%','28.8%','80',619,'Penalty Customers'),('LP002547','IP43488',18333,0,'Urban','N','Grade-A',7.0,'35%','420%','500',961,'High Cibil Sore'),('LP002555','IP43489',4583,2083,'Semiurban','Y','low class',2.5,'4%','48%','160',77,'Penalty Customers'),('LP002556','IP43490',2435,0,'Urban','N','low class',5.0,'3.75%','45%','75',769,'No Penalty'),('LP002560','IP43491',2699,2785,'Semiurban','Y','low class',2.5,'2.4%','28.8%','96',546,'Penalty Customers'),('LP002562','IP43492',5333,1131,'Urban','Y','Middle class customer',7.0,'13.02%','156.24%','186',504,'Penalty Customers'),('LP002571','IP43493',3691,0,'Rural','Y','low class',3.0,'3.3%','39.6%','110',926,'High Cibil Sore'),('LP002582','IP43494',17263,0,'Semiurban','Y','Grade-A',7.0,'15.75%','189%','225',52,'Penalty Customers'),('LP002585','IP43495',3597,2157,'Rural','N','low class',3.0,'3.57%','42.84%','119',976,'High Cibil Sore'),('LP002586','IP43496',3326,913,'Semiurban','Y','low class',2.5,'2.625%','31.5%','105',122,'Penalty Customers'),('LP002587','IP43497',2600,1700,'Rural','Y','low class',3.0,'3.21%','38.52%','107',227,'Penalty Customers'),('LP002588','IP43498',4625,2857,'Urban','Y','low class',5.0,'5.55%','66.6%','111',761,'No Penalty'),('LP002600','IP43499',2895,0,'Semiurban','Y','low class',2.5,'2.375%','28.5%','95',665,'Penalty Customers'),('LP002602','IP43500',6283,4416,'Rural','N','Middle class customer',7.0,'14.63%','175.56%','209',931,'High Cibil Sore'),('LP002603','IP43501',645,3683,'Rural','Y','low class',3.0,'3.39%','40.68%','113',261,'Penalty Customers'),('LP002606','IP43502',3159,0,'Semiurban','Y','low class',2.5,'2.5%','30%','100',137,'Penalty Customers'),('LP002615','IP43503',4865,5624,'Semiurban','Y','low class',2.5,'5.2%','62.4%','208',696,'Penalty Customers'),('LP002618','IP43504',4050,5302,'Rural','N','low class',3.0,'4.14%','49.68%','138',197,'Penalty Customers'),('LP002619','IP43505',3814,1483,'Semiurban','Y','low class',2.5,'3.1%','37.2%','124',533,'Penalty Customers'),('LP002622','IP43506',3510,4416,'Rural','Y','low class',3.0,'7.29%','87.48%','243',696,'Penalty Customers'),('LP002624','IP43507',20833,6667,'Urban','Y','Grade-A',7.0,'33.6%','403.2%','480',601,'Penalty Customers'),('LP002625','IP43508',3583,0,'Urban','N','low class',5.0,'4.8%','57.6%','96',458,'Penalty Customers'),('LP002626','IP43509',2479,3013,'Urban','Y','low class',5.0,'9.4%','112.8%','188',431,'Penalty Customers'),('LP002634','IP43510',13262,0,'Urban','Y','Grade-B',7.0,'2.8%','33.6%','40',834,'No Penalty'),('LP002637','IP43511',3598,1287,'Rural','N','low class',3.0,'3%','36%','100',608,'Penalty Customers'),('LP002640','IP43512',6065,2004,'Semiurban','Y','Middle class customer',7.0,'17.5%','210%','250',522,'Penalty Customers'),('LP002643','IP43513',3283,2035,'Urban','Y','low class',5.0,'7.4%','88.8%','148',111,'Penalty Customers'),('LP002648','IP43514',2130,6666,'Semiurban','N','low class',2.5,'1.75%','21%','70',728,'Penalty Customers'),('LP002652','IP43515',5815,3666,'Rural','N','Middle class customer',7.0,'21.77%','261.24%','311',882,'No Penalty'),('LP002659','IP43516',3466,3428,'Rural','Y','low class',3.0,'4.5%','54%','150',512,'Penalty Customers'),('LP002670','IP43517',2031,1632,'Semiurban','Y','low class',2.5,'2.825%','33.9%','113',388,'Penalty Customers'),('LP002682','IP43518',3074,1800,'Semiurban','N','low class',2.5,'3.075%','36.9%','123',963,'High Cibil Sore'),('LP002683','IP43519',4683,1915,'Semiurban','N','low class',2.5,'4.625%','55.5%','185',563,'Penalty Customers'),('LP002684','IP43520',3400,0,'Rural','N','low class',3.0,'2.85%','34.2%','95',542,'Penalty Customers'),('LP002689','IP43521',2192,1742,'Semiurban','Y','low class',2.5,'1.125%','13.5%','45',555,'Penalty Customers'),('LP002690','IP43522',2500,0,'Semiurban','Y','low class',2.5,'1.375%','16.5%','55',400,'Penalty Customers'),('LP002692','IP43523',5677,1424,'Rural','Y','Middle class customer',7.0,'7%','84%','100',768,'No Penalty'),('LP002693','IP43524',7948,7166,'Rural','Y','Middle class customer',7.0,'33.6%','403.2%','480',271,'Penalty Customers'),('LP002699','IP43526',17500,0,'Rural','Y','Grade-A',7.0,'28%','336%','400',818,'No Penalty'),('LP002705','IP43527',3775,0,'Semiurban','Y','low class',2.5,'2.75%','33%','110',397,'Penalty Customers'),('LP002706','IP43528',5285,1430,'Semiurban','Y','Middle class customer',7.0,'11.27%','135.24%','161',534,'Penalty Customers'),('LP002714','IP43529',2679,1302,'Semiurban','Y','low class',2.5,'2.35%','28.2%','94',773,'No Penalty'),('LP002716','IP43530',6783,0,'Semiurban','Y','Middle class customer',7.0,'9.1%','109.2%','130',959,'High Cibil Sore'),('LP002717','IP43531',1025,5500,'Rural','Y','low class',3.0,'6.48%','77.76%','216',664,'Penalty Customers'),('LP002720','IP43532',4281,0,'Urban','Y','low class',5.0,'5%','60%','100',276,'Penalty Customers'),('LP002723','IP43533',3588,0,'Rural','N','low class',3.0,'3.3%','39.6%','110',533,'Penalty Customers'),('LP002729','IP43534',11250,0,'Semiurban','N','Grade-B',7.0,'13.72%','164.64%','196',219,'Penalty Customers'),('LP002731','IP43535',18165,0,'Urban','Y','Grade-A',7.0,'8.75%','105%','125',832,'No Penalty'),('LP002732','IP43536',2550,2042,'Rural','Y','low class',3.0,'3.78%','45.36%','126',215,'Penalty Customers'),('LP002734','IP43537',6133,3906,'Urban','Y','Middle class customer',7.0,'22.68%','272.16%','324',662,'Penalty Customers'),('LP002738','IP43538',3617,0,'Semiurban','Y','low class',2.5,'2.675%','32.1%','107',624,'Penalty Customers'),('LP002739','IP43539',2917,536,'Rural','N','low class',3.0,'1.98%','23.76%','66',612,'Penalty Customers'),('LP002740','IP43540',6417,0,'Rural','Y','Middle class customer',7.0,'10.99%','131.88%','157',174,'Penalty Customers'),('LP002741','IP43541',4608,2845,'Semiurban','Y','low class',2.5,'3.5%','42%','140',188,'Penalty Customers'),('LP002743','IP43542',2138,0,'Semiurban','N','low class',2.5,'2.475%','29.7%','99',497,'Penalty Customers'),('LP002753','IP43543',3652,0,'Semiurban','Y','low class',2.5,'2.375%','28.5%','95',763,'No Penalty'),('LP002755','IP43544',2239,2524,'Urban','Y','low class',5.0,'6.4%','76.8%','128',393,'Penalty Customers'),('LP002757','IP43545',3017,663,'Semiurban','Y','low class',2.5,'2.55%','30.6%','102',833,'No Penalty'),('LP002767','IP43546',2768,1950,'Rural','Y','low class',3.0,'4.65%','55.8%','155',422,'Penalty Customers'),('LP002768','IP43547',3358,0,'Semiurban','N','low class',2.5,'2%','24%','80',878,'No Penalty'),('LP002772','IP43548',2526,1783,'Rural','Y','low class',3.0,'4.35%','52.2%','145',609,'Penalty Customers'),('LP002776','IP43549',5000,0,'Semiurban','N','low class',7.0,'7.21%','86.52%','103',258,'Penalty Customers'),('LP002777','IP43550',2785,2016,'Rural','Y','low class',3.0,'3.3%','39.6%','110',376,'Penalty Customers'),('LP002785','IP43553',3333,3250,'Urban','Y','low class',5.0,'7.9%','94.8%','158',437,'Penalty Customers'),('LP002788','IP43554',2454,2333,'Urban','N','low class',5.0,'9.05%','108.6%','181',63,'Penalty Customers'),('LP002789','IP43555',3593,4266,'Rural','N','low class',3.0,'3.96%','47.52%','132',867,'No Penalty'),('LP002792','IP43556',5468,1032,'Semiurban','Y','Middle class customer',7.0,'1.82%','21.84%','26',632,'Penalty Customers'),('LP002794','IP43557',2667,1625,'Urban','Y','low class',5.0,'4.2%','50.4%','84',367,'Penalty Customers'),('LP002795','IP43558',10139,0,'Semiurban','Y','Grade-B',7.0,'18.2%','218.4%','260',720,'Penalty Customers'),('LP002798','IP43559',3887,2669,'Semiurban','Y','low class',2.5,'4.05%','48.6%','162',929,'High Cibil Sore'),('LP002804','IP43560',4180,2306,'Semiurban','Y','low class',2.5,'4.55%','54.6%','182',469,'Penalty Customers'),('LP002807','IP43561',3675,242,'Semiurban','Y','low class',2.5,'2.7%','32.4%','108',656,'Penalty Customers'),('LP002813','IP43562',19484,0,'Semiurban','Y','Grade-A',7.0,'42%','504%','600',169,'Penalty Customers'),('LP002820','IP43563',5923,2054,'Rural','Y','Middle class customer',7.0,'14.77%','177.24%','211',741,'Penalty Customers'),('LP002821','IP43564',5800,0,'Semiurban','Y','Middle class customer',7.0,'9.24%','110.88%','132',70,'Penalty Customers'),('LP002832','IP43565',8799,0,'Urban','N','Middle class customer',7.0,'18.06%','216.72%','258',524,'Penalty Customers'),('LP002833','IP43566',4467,0,'Rural','Y','low class',3.0,'3.6%','43.2%','120',492,'Penalty Customers'),('LP002836','IP43567',3333,0,'Urban','Y','low class',5.0,'3.5%','42%','70',713,'Penalty Customers'),('LP002837','IP43568',3400,2500,'Rural','N','low class',3.0,'3.69%','44.28%','123',875,'No Penalty'),('LP002840','IP43569',2378,0,'Urban','N','low class',5.0,'0.45%','5.4%','9',310,'Penalty Customers'),('LP002841','IP43570',3166,2064,'Urban','N','low class',5.0,'5.2%','62.4%','104',271,'Penalty Customers'),('LP002842','IP43571',3417,1750,'Urban','Y','low class',5.0,'9.3%','111.6%','186',775,'No Penalty'),('LP002847','IP43572',5116,1451,'Urban','N','Middle class customer',7.0,'11.55%','138.6%','165',110,'Penalty Customers'),('LP002855','IP43573',16666,0,'Urban','Y','Grade-A',7.0,'19.25%','231%','275',286,'Penalty Customers'),('LP002862','IP43574',6125,1625,'Semiurban','N','Middle class customer',7.0,'13.09%','157.08%','187',126,'Penalty Customers'),('LP002863','IP43575',6406,0,'Semiurban','N','Middle class customer',7.0,'10.5%','126%','150',351,'Penalty Customers'),('LP002868','IP43576',3159,461,'Urban','Y','low class',5.0,'5.4%','64.8%','108',982,'High Cibil Sore'),('LP002872','IP43577',3087,2210,'Semiurban','N','low class',2.5,'3.4%','40.8%','136',350,'Penalty Customers'),('LP002874','IP43578',3229,2739,'Urban','Y','low class',5.0,'5.5%','66%','110',682,'Penalty Customers'),('LP002877','IP43579',1782,2232,'Rural','Y','low class',3.0,'3.21%','38.52%','107',804,'No Penalty'),('LP002888','IP43580',3182,2917,'Urban','Y','low class',5.0,'8.05%','96.6%','161',491,'Penalty Customers'),('LP002892','IP43581',6540,0,'Semiurban','Y','Middle class customer',7.0,'14.35%','172.2%','205',560,'Penalty Customers'),('LP002893','IP43582',1836,33837,'Urban','N','low class',5.0,'4.5%','54%','90',92,'Penalty Customers'),('LP002894','IP43583',3166,0,'Semiurban','Y','low class',2.5,'0.9%','10.8%','36',370,'Penalty Customers'),('LP002898','IP43584',1880,0,'Rural','N','low class',3.0,'1.83%','21.96%','61',524,'Penalty Customers'),('LP002911','IP43585',2787,1917,'Rural','N','low class',3.0,'4.38%','52.56%','146',371,'Penalty Customers'),('LP002912','IP43586',4283,3000,'Rural','N','low class',3.0,'5.16%','61.92%','172',817,'No Penalty'),('LP002916','IP43587',2297,1522,'Urban','Y','low class',5.0,'5.2%','62.4%','104',751,'No Penalty'),('LP002917','IP43588',2165,0,'Semiurban','Y','low class',2.5,'1.75%','21%','70',588,'Penalty Customers'),('LP002925','IP43589',4750,0,'Semiurban','Y','low class',2.5,'2.35%','28.2%','94',235,'Penalty Customers'),('LP002926','IP43590',2726,0,'Semiurban','N','low class',2.5,'2.65%','31.8%','106',851,'No Penalty'),('LP002928','IP43591',3000,3416,'Semiurban','Y','low class',2.5,'1.4%','16.8%','56',73,'Penalty Customers'),('LP002931','IP43592',6000,0,'Semiurban','N','Middle class customer',7.0,'14.35%','172.2%','205',665,'Penalty Customers'),('LP002933','IP43593',9357,0,'Semiurban','Y','Grade-B',7.0,'20.44%','245.28%','292',826,'No Penalty'),('LP002936','IP43594',3859,3300,'Rural','Y','low class',3.0,'4.26%','51.12%','142',704,'Penalty Customers'),('LP002938','IP43595',16120,0,'Urban','Y','Grade-A',7.0,'18.2%','218.4%','260',548,'Penalty Customers'),('LP002940','IP43596',3833,0,'Rural','Y','low class',3.0,'3.3%','39.6%','110',407,'Penalty Customers'),('LP002941','IP43597',6383,1000,'Rural','N','Middle class customer',7.0,'13.09%','157.08%','187',257,'Penalty Customers'),('LP002943','IP43598',2987,0,'Semiurban','N','low class',2.5,'2.2%','26.4%','88',822,'No Penalty'),('LP002945','IP43599',9963,0,'Rural','Y','Grade-B',7.0,'12.6%','151.2%','180',461,'Penalty Customers'),('LP002948','IP43600',5780,0,'Urban','Y','Middle class customer',7.0,'13.44%','161.28%','192',556,'Penalty Customers'),('LP002949','IP43601',416,41667,'Urban','N','low class',5.0,'17.5%','210%','350',760,'No Penalty'),('LP002950','IP43602',2894,2792,'Rural','Y','low class',3.0,'4.65%','55.8%','155',67,'Penalty Customers'),('LP002953','IP43603',5703,0,'Urban','Y','Middle class customer',7.0,'8.96%','107.52%','128',465,'Penalty Customers'),('LP002958','IP43604',3676,4301,'Rural','Y','low class',3.0,'5.16%','61.92%','172',863,'No Penalty'),('LP002959','IP43605',12000,0,'Semiurban','Y','Grade-B',7.0,'34.72%','416.64%','496',234,'Penalty Customers'),('LP002961','IP43607',3400,2500,'Semiurban','Y','low class',2.5,'4.325%','51.9%','173',201,'Penalty Customers'),('LP002964','IP43608',3987,1411,'Rural','Y','low class',3.0,'4.71%','56.52%','157',439,'Penalty Customers'),('LP002974','IP43609',3232,1950,'Rural','Y','low class',3.0,'3.24%','38.88%','108',478,'Penalty Customers'),('LP002978','IP43610',2900,0,'Rural','Y','low class',3.0,'2.13%','25.56%','71',982,'High Cibil Sore'),('LP002979','IP43611',4106,0,'Rural','Y','low class',3.0,'1.2%','14.4%','40',946,'High Cibil Sore'),('LP002983','IP43612',8072,240,'Urban','Y','Middle class customer',7.0,'17.71%','212.52%','253',961,'High Cibil Sore'),('LP002984','IP43613',7583,0,'Urban','Y','Middle class customer',7.0,'13.09%','157.08%','187',121,'Penalty Customers'),('LP002990','IP43614',4583,0,'Semiurban','N','low class',2.5,'3.325%','39.9%','133',792,'No Penalty');
/*!40000 ALTER TABLE `customer_interest_analysis` ENABLE KEYS */;
UNLOCK TABLES;

--
-- Table structure for table `interst`
--

DROP TABLE IF EXISTS `interst`;
/*!40101 SET @saved_cs_client     = @@character_set_client */;
/*!50503 SET character_set_client = utf8mb4 */;
CREATE TABLE `interst` (
  `Loan_ID` text,
  `customer_id` text,
  `ApplicantIncome` int DEFAULT NULL,
  `CoapplicantIncome` int DEFAULT NULL,
  `Property_Area` text,
  `Loan_Status` text,
  `criteria` varchar(21) NOT NULL DEFAULT '',
  `monthly_percentage` decimal(2,1) NOT NULL DEFAULT '0.0'
) ENGINE=InnoDB DEFAULT CHARSET=utf8mb4 COLLATE=utf8mb4_0900_ai_ci;
/*!40101 SET character_set_client = @saved_cs_client */;

--
-- Dumping data for table `interst`
--

LOCK TABLES `interst` WRITE;
/*!40000 ALTER TABLE `interst` DISABLE KEYS */;
INSERT INTO `interst` VALUES ('LP001002','IP43001',5849,0,'Urban','Y','Middle class customer',7.0),('LP001003','IP43002',4583,1508,'Rural','N','low class',3.0),('LP001005','IP43003',3000,0,'Urban','Y','low class',5.0),('LP001006','IP43004',2583,2358,'Urban','Y','low class',5.0),('LP001008','IP43005',6000,0,'Urban','Y','Middle class customer',7.0),('LP001011','IP43006',5417,4196,'Urban','Y','Middle class customer',7.0),('LP001013','IP43007',2333,1516,'Urban','Y','low class',5.0),('LP001014','IP43008',3036,2504,'Semiurban','N','low class',2.5),('LP001018','IP43009',4006,1526,'Urban','Y','low class',5.0),('LP001020','IP43010',12841,10968,'Semiurban','N','Grade-B',7.0),('LP001024','IP43011',3200,700,'Urban','Y','low class',5.0),('LP001027','IP43012',2500,1840,'Urban','Y','low class',5.0),('LP001028','IP43013',3073,8106,'Urban','Y','low class',5.0),('LP001029','IP43014',1853,2840,'Rural','N','low class',3.0),('LP001030','IP43015',1299,1086,'Urban','Y','low class',5.0),('LP001032','IP43016',4950,0,'Urban','Y','low class',5.0),('LP001034','IP43017',3596,0,'Urban','Y','low class',5.0),('LP001036','IP43018',3510,0,'Urban','N','low class',5.0),('LP001038','IP43019',4887,0,'Rural','N','low class',3.0),('LP001041','IP43020',2600,3500,'Urban','Y','low class',5.0),('LP001043','IP43021',7660,0,'Urban','N','Middle class customer',7.0),('LP001046','IP43022',5955,5625,'Urban','Y','Middle class customer',7.0),('LP001047','IP43023',2600,1911,'Semiurban','N','low class',2.5),('LP001050','IP43024',3365,1917,'Rural','N','low class',3.0),('LP001052','IP43025',3717,2925,'Semiurban','N','low class',2.5),('LP001066','IP43026',9560,0,'Semiurban','Y','Grade-B',7.0),('LP001068','IP43027',2799,2253,'Semiurban','Y','low class',2.5),('LP001073','IP43028',4226,1040,'Urban','Y','low class',5.0),('LP001086','IP43029',1442,0,'Urban','N','low class',5.0),('LP001087','IP43030',3750,2083,'Semiurban','Y','low class',2.5),('LP001091','IP43031',4166,3369,'Urban','N','low class',5.0),('LP001095','IP43032',3167,0,'Urban','N','low class',5.0),('LP001097','IP43033',4692,0,'Rural','N','low class',3.0),('LP001098','IP43034',3500,1667,'Semiurban','Y','low class',2.5),('LP001100','IP43035',12500,3000,'Rural','N','Grade-B',7.0),('LP001106','IP43036',2275,2067,'Urban','Y','low class',5.0),('LP001109','IP43037',1828,1330,'Urban','N','low class',5.0),('LP001112','IP43038',3667,1459,'Semiurban','Y','low class',2.5),('LP001114','IP43039',4166,7210,'Urban','Y','low class',5.0),('LP001116','IP43040',3748,1668,'Semiurban','Y','low class',2.5),('LP001119','IP43041',3600,0,'Urban','N','low class',5.0),('LP001120','IP43042',1800,1213,'Urban','Y','low class',5.0),('LP001123','IP43043',2400,0,'Urban','Y','low class',5.0),('LP001131','IP43044',3941,2336,'Semiurban','Y','low class',2.5),('LP001136','IP43045',4695,0,'Urban','Y','low class',5.0),('LP001137','IP43046',3410,0,'Urban','Y','low class',5.0),('LP001138','IP43047',5649,0,'Urban','Y','Middle class customer',7.0),('LP001144','IP43048',5821,0,'Urban','Y','Middle class customer',7.0),('LP001146','IP43049',2645,3440,'Urban','N','low class',5.0),('LP001151','IP43050',4000,2275,'Semiurban','Y','low class',2.5),('LP001155','IP43051',1928,1644,'Semiurban','Y','low class',2.5),('LP001157','IP43052',3086,0,'Semiurban','Y','low class',2.5),('LP001164','IP43053',4230,0,'Semiurban','N','low class',2.5),('LP001179','IP43054',4616,0,'Urban','N','low class',5.0),('LP001186','IP43055',11500,0,'Urban','N','Grade-B',7.0),('LP001194','IP43056',2708,1167,'Semiurban','Y','low class',2.5),('LP001195','IP43057',2132,1591,'Semiurban','Y','low class',2.5),('LP001197','IP43058',3366,2200,'Rural','N','low class',3.0),('LP001198','IP43059',8080,2250,'Urban','Y','Middle class customer',7.0),('LP001199','IP43060',3357,2859,'Urban','Y','low class',5.0),('LP001205','IP43061',2500,3796,'Urban','Y','low class',5.0),('LP001206','IP43062',3029,0,'Urban','Y','low class',5.0),('LP001207','IP43063',2609,3449,'Rural','N','low class',3.0),('LP001213','IP43064',4945,0,'Rural','N','low class',3.0),('LP001222','IP43065',4166,0,'Semiurban','N','low class',2.5),('LP001225','IP43066',5726,4595,'Semiurban','N','Middle class customer',7.0),('LP001228','IP43067',3200,2254,'Urban','N','low class',5.0),('LP001233','IP43068',10750,0,'Urban','Y','Grade-B',7.0),('LP001238','IP43069',7100,0,'Urban','Y','Middle class customer',7.0),('LP001241','IP43070',4300,0,'Semiurban','N','low class',2.5),('LP001243','IP43071',3208,3066,'Urban','Y','low class',5.0),('LP001245','IP43072',1875,1875,'Semiurban','Y','low class',2.5),('LP001248','IP43073',3500,0,'Semiurban','Y','low class',2.5),('LP001250','IP43074',4755,0,'Semiurban','N','low class',2.5),('LP001253','IP43075',5266,1774,'Semiurban','Y','Middle class customer',7.0),('LP001255','IP43076',3750,0,'Urban','N','low class',5.0),('LP001256','IP43077',3750,4750,'Urban','N','low class',5.0),('LP001259','IP43078',1000,3022,'Urban','N','low class',5.0),('LP001263','IP43079',3167,4000,'Semiurban','N','low class',2.5),('LP001264','IP43080',3333,2166,'Semiurban','Y','low class',2.5),('LP001265','IP43081',3846,0,'Semiurban','Y','low class',2.5),('LP001266','IP43082',2395,0,'Semiurban','Y','low class',2.5),('LP001267','IP43083',1378,1881,'Urban','N','low class',5.0),('LP001273','IP43084',6000,2250,'Semiurban','N','Middle class customer',7.0),('LP001275','IP43085',3988,0,'Urban','Y','low class',5.0),('LP001279','IP43086',2366,2531,'Semiurban','Y','low class',2.5),('LP001280','IP43087',3333,2000,'Semiurban','Y','low class',2.5),('LP001282','IP43088',2500,2118,'Semiurban','Y','low class',2.5),('LP001289','IP43089',8566,0,'Urban','Y','Middle class customer',7.0),('LP001310','IP43090',5695,4167,'Semiurban','Y','Middle class customer',7.0),('LP001316','IP43091',2958,2900,'Semiurban','Y','low class',2.5),('LP001318','IP43092',6250,5654,'Semiurban','Y','Middle class customer',7.0),('LP001319','IP43093',3273,1820,'Urban','Y','low class',5.0),('LP001322','IP43094',4133,0,'Semiurban','Y','low class',2.5),('LP001325','IP43095',3620,0,'Semiurban','Y','low class',2.5),('LP001326','IP43096',6782,0,'Urban','N','Middle class customer',7.0),('LP001327','IP43097',2484,2302,'Semiurban','Y','low class',2.5),('LP001333','IP43098',1977,997,'Semiurban','Y','low class',2.5),('LP001334','IP43099',4188,0,'Semiurban','Y','low class',2.5),('LP001343','IP43100',1759,3541,'Semiurban','Y','low class',2.5),('LP001345','IP43101',4288,3263,'Urban','Y','low class',5.0),('LP001349','IP43102',4843,3806,'Semiurban','Y','low class',2.5),('LP001350','IP43103',13650,0,'Urban','Y','Grade-B',7.0),('LP001356','IP43104',4652,3583,'Semiurban','Y','low class',2.5),('LP001357','IP43105',3816,754,'Urban','Y','low class',5.0),('LP001367','IP43106',3052,1030,'Urban','Y','low class',5.0),('LP001369','IP43107',11417,1126,'Urban','Y','Grade-B',7.0),('LP001370','IP43108',7333,0,'Rural','N','Middle class customer',7.0),('LP001379','IP43109',3800,3600,'Urban','N','low class',5.0),('LP001384','IP43110',2071,754,'Semiurban','Y','low class',2.5),('LP001385','IP43111',5316,0,'Urban','Y','Middle class customer',7.0),('LP001387','IP43112',2929,2333,'Semiurban','Y','low class',2.5),('LP001391','IP43113',3572,4114,'Rural','N','low class',3.0),('LP001392','IP43114',7451,0,'Semiurban','Y','Middle class customer',7.0),('LP001398','IP43115',5050,0,'Semiurban','Y','Middle class customer',7.0),('LP001401','IP43116',14583,0,'Rural','Y','Grade-B',7.0),('LP001404','IP43117',3167,2283,'Semiurban','Y','low class',2.5),('LP001405','IP43118',2214,1398,'Urban','Y','low class',5.0),('LP001421','IP43119',5568,2142,'Rural','N','Middle class customer',7.0),('LP001422','IP43120',10408,0,'Urban','Y','Grade-B',7.0),('LP001426','IP43121',5667,2667,'Rural','Y','Middle class customer',7.0),('LP001430','IP43122',4166,0,'Semiurban','Y','low class',2.5),('LP001431','IP43123',2137,8980,'Semiurban','Y','low class',2.5),('LP001432','IP43124',2957,0,'Semiurban','Y','low class',2.5),('LP001439','IP43125',4300,2014,'Rural','Y','low class',3.0),('LP001443','IP43126',3692,0,'Rural','Y','low class',3.0),('LP001448','IP43127',23803,0,'Rural','Y','Grade-A',7.0),('LP001449','IP43128',3865,1640,'Rural','Y','low class',3.0),('LP001451','IP43129',10513,3850,'Urban','N','Grade-B',7.0),('LP001465','IP43130',6080,2569,'Rural','N','Middle class customer',7.0),('LP001469','IP43131',20166,0,'Urban','Y','Grade-A',7.0),('LP001473','IP43132',2014,1929,'Urban','Y','low class',5.0),('LP001478','IP43133',2718,0,'Semiurban','Y','low class',2.5),('LP001482','IP43134',3459,0,'Semiurban','Y','low class',2.5),('LP001487','IP43135',4895,0,'Semiurban','Y','low class',2.5),('LP001488','IP43136',4000,7750,'Semiurban','N','low class',2.5),('LP001489','IP43137',4583,0,'Rural','N','low class',3.0),('LP001491','IP43138',3316,3500,'Urban','Y','low class',5.0),('LP001492','IP43139',14999,0,'Semiurban','N','Grade-B',7.0),('LP001493','IP43140',4200,1430,'Rural','N','low class',3.0),('LP001497','IP43141',5042,2083,'Rural','N','Middle class customer',7.0),('LP001498','IP43142',5417,0,'Urban','Y','Middle class customer',7.0),('LP001504','IP43143',6950,0,'Semiurban','Y','Middle class customer',7.0),('LP001507','IP43144',2698,2034,'Semiurban','Y','low class',2.5),('LP001508','IP43145',11757,0,'Urban','Y','Grade-B',7.0),('LP001514','IP43146',2330,4486,'Semiurban','Y','low class',2.5),('LP001516','IP43147',14866,0,'Urban','Y','Grade-B',7.0),('LP001518','IP43148',1538,1425,'Urban','Y','low class',5.0),('LP001519','IP43149',10000,1666,'Rural','N','Grade-B',7.0),('LP001520','IP43150',4860,830,'Semiurban','Y','low class',2.5),('LP001528','IP43151',6277,0,'Rural','N','Middle class customer',7.0),('LP001529','IP43152',2577,3750,'Rural','Y','low class',3.0),('LP001531','IP43153',9166,0,'Urban','N','Grade-B',7.0),('LP001532','IP43154',2281,0,'Rural','N','low class',3.0),('LP001535','IP43155',3254,0,'Urban','Y','low class',5.0),('LP001536','IP43156',39999,0,'Semiurban','Y','Grade-A',7.0),('LP001541','IP43157',6000,0,'Rural','Y','Middle class customer',7.0),('LP001543','IP43158',9538,0,'Urban','Y','Grade-B',7.0),('LP001546','IP43159',2980,2083,'Rural','Y','low class',3.0),('LP001552','IP43160',4583,5625,'Semiurban','Y','low class',2.5),('LP001560','IP43161',1863,1041,'Semiurban','Y','low class',2.5),('LP001562','IP43162',7933,0,'Urban','N','Middle class customer',7.0),('LP001565','IP43163',3089,1280,'Semiurban','N','low class',2.5),('LP001570','IP43164',4167,1447,'Rural','Y','low class',3.0),('LP001572','IP43165',9323,0,'Urban','Y','Grade-B',7.0),('LP001574','IP43166',3707,3166,'Rural','Y','low class',3.0),('LP001577','IP43167',4583,0,'Rural','N','low class',3.0),('LP001578','IP43168',2439,3333,'Rural','Y','low class',3.0),('LP001579','IP43169',2237,0,'Semiurban','N','low class',2.5),('LP001580','IP43170',8000,0,'Semiurban','Y','Middle class customer',7.0),('LP001581','IP43171',1820,1769,'Rural','Y','low class',3.0),('LP001585','IP43172',51763,0,'Urban','Y','Grade-A',7.0),('LP001586','IP43173',3522,0,'Rural','N','low class',3.0),('LP001594','IP43174',5708,5625,'Semiurban','Y','Middle class customer',7.0),('LP001603','IP43175',4344,736,'Semiurban','N','low class',2.5),('LP001606','IP43176',3497,1964,'Rural','Y','low class',3.0),('LP001608','IP43177',2045,1619,'Rural','Y','low class',3.0),('LP001610','IP43178',5516,11300,'Semiurban','N','Middle class customer',7.0),('LP001616','IP43179',3750,0,'Semiurban','Y','low class',2.5),('LP001630','IP43180',2333,1451,'Urban','N','low class',5.0),('LP001633','IP43181',6400,7250,'Urban','N','Middle class customer',7.0),('LP001634','IP43182',1916,5063,'Rural','N','low class',3.0),('LP001636','IP43183',4600,0,'Semiurban','Y','low class',2.5),('LP001637','IP43184',33846,0,'Semiurban','N','Grade-A',7.0),('LP001639','IP43185',3625,0,'Semiurban','Y','low class',2.5),('LP001640','IP43186',39147,4750,'Semiurban','Y','Grade-A',7.0),('LP001641','IP43187',2178,0,'Rural','N','low class',3.0),('LP001643','IP43188',2383,2138,'Rural','Y','low class',3.0),('LP001644','IP43189',674,5296,'Rural','Y','low class',3.0),('LP001647','IP43190',9328,0,'Rural','Y','Grade-B',7.0),('LP001653','IP43191',4885,0,'Rural','Y','low class',3.0),('LP001656','IP43192',12000,0,'Semiurban','N','Grade-B',7.0),('LP001657','IP43193',6033,0,'Urban','N','Middle class customer',7.0),('LP001658','IP43194',3858,0,'Semiurban','Y','low class',2.5),('LP001664','IP43195',4191,0,'Rural','Y','low class',3.0),('LP001665','IP43196',3125,2583,'Semiurban','N','low class',2.5),('LP001666','IP43197',8333,3750,'Rural','Y','Middle class customer',7.0),('LP001669','IP43198',1907,2365,'Urban','Y','low class',5.0),('LP001671','IP43199',3416,2816,'Semiurban','Y','low class',2.5),('LP001673','IP43200',11000,0,'Urban','N','Grade-B',7.0),('LP001674','IP43201',2600,2500,'Semiurban','Y','low class',2.5),('LP001677','IP43202',4923,0,'Semiurban','Y','low class',2.5),('LP001682','IP43203',3992,0,'Urban','N','low class',5.0),('LP001688','IP43204',3500,1083,'Urban','Y','low class',5.0),('LP001691','IP43205',3917,0,'Semiurban','Y','low class',2.5),('LP001692','IP43206',4408,0,'Semiurban','Y','low class',2.5),('LP001693','IP43207',3244,0,'Urban','Y','low class',5.0),('LP001698','IP43208',3975,2531,'Rural','Y','low class',3.0),('LP001699','IP43209',2479,0,'Urban','Y','low class',5.0),('LP001702','IP43210',3418,0,'Semiurban','N','low class',2.5),('LP001708','IP43211',10000,0,'Semiurban','N','Grade-B',7.0),('LP001711','IP43212',3430,1250,'Semiurban','N','low class',2.5),('LP001713','IP43213',7787,0,'Urban','Y','Middle class customer',7.0),('LP001715','IP43214',5703,0,'Rural','Y','Middle class customer',7.0),('LP001716','IP43215',3173,3021,'Urban','Y','low class',5.0),('LP001720','IP43216',3850,983,'Semiurban','Y','low class',2.5),('LP001722','IP43217',150,1800,'Rural','N','low class',3.0),('LP001726','IP43218',3727,1775,'Semiurban','Y','low class',2.5),('LP001732','IP43219',5000,0,'Semiurban','N','low class',7.0),('LP001734','IP43220',4283,2383,'Semiurban','Y','low class',2.5),('LP001736','IP43221',2221,0,'Urban','N','low class',5.0),('LP001743','IP43222',4009,1717,'Semiurban','Y','low class',2.5),('LP001744','IP43223',2971,2791,'Semiurban','Y','low class',2.5),('LP001749','IP43224',7578,1010,'Semiurban','Y','Middle class customer',7.0),('LP001750','IP43225',6250,0,'Semiurban','Y','Middle class customer',7.0),('LP001751','IP43226',3250,0,'Rural','N','low class',3.0),('LP001754','IP43227',4735,0,'Urban','N','low class',5.0),('LP001758','IP43228',6250,1695,'Semiurban','Y','Middle class customer',7.0),('LP001760','IP43229',4758,0,'Semiurban','Y','low class',2.5),('LP001761','IP43230',6400,0,'Rural','Y','Middle class customer',7.0),('LP001765','IP43231',2491,2054,'Semiurban','Y','low class',2.5),('LP001768','IP43232',3716,0,'Rural','Y','low class',3.0),('LP001770','IP43233',3189,2598,'Rural','Y','low class',3.0),('LP001776','IP43234',8333,0,'Semiurban','Y','Middle class customer',7.0),('LP001778','IP43235',3155,1779,'Semiurban','Y','low class',2.5),('LP001784','IP43236',5500,1260,'Rural','Y','Middle class customer',7.0),('LP001786','IP43237',5746,0,'Urban','N','Middle class customer',7.0),('LP001788','IP43238',3463,0,'Urban','Y','low class',5.0),('LP001790','IP43239',3812,0,'Rural','Y','low class',3.0),('LP001792','IP43240',3315,0,'Semiurban','Y','low class',2.5),('LP001798','IP43241',5819,5000,'Rural','Y','Middle class customer',7.0),('LP001800','IP43242',2510,1983,'Urban','N','low class',5.0),('LP001806','IP43243',2965,5701,'Urban','Y','low class',5.0),('LP001807','IP43244',6250,1300,'Rural','Y','Middle class customer',7.0),('LP001811','IP43245',3406,4417,'Semiurban','Y','low class',2.5),('LP001813','IP43246',6050,4333,'Urban','N','Middle class customer',7.0),('LP001814','IP43247',9703,0,'Urban','Y','Grade-B',7.0),('LP001819','IP43248',6608,0,'Urban','Y','Middle class customer',7.0),('LP001824','IP43249',2882,1843,'Semiurban','Y','low class',2.5),('LP001825','IP43250',1809,1868,'Urban','Y','low class',5.0),('LP001835','IP43251',1668,3890,'Semiurban','N','low class',2.5),('LP001836','IP43252',3427,0,'Urban','N','low class',5.0),('LP001841','IP43253',2583,2167,'Rural','Y','low class',3.0),('LP001843','IP43254',2661,7101,'Semiurban','Y','low class',2.5),('LP001844','IP43255',16250,0,'Urban','N','Grade-A',7.0),('LP001846','IP43256',3083,0,'Rural','Y','low class',3.0),('LP001849','IP43257',6045,0,'Rural','N','Middle class customer',7.0),('LP001854','IP43258',5250,0,'Urban','N','Middle class customer',7.0),('LP001859','IP43259',14683,2100,'Rural','N','Grade-B',7.0),('LP001864','IP43260',4931,0,'Semiurban','N','low class',2.5),('LP001865','IP43261',6083,4250,'Urban','Y','Middle class customer',7.0),('LP001868','IP43262',2060,2209,'Semiurban','Y','low class',2.5),('LP001870','IP43263',3481,0,'Semiurban','N','low class',2.5),('LP001871','IP43264',7200,0,'Rural','Y','Middle class customer',7.0),('LP001872','IP43265',5166,0,'Semiurban','Y','Middle class customer',7.0),('LP001875','IP43266',4095,3447,'Rural','Y','low class',3.0),('LP001877','IP43267',4708,1387,'Semiurban','Y','low class',2.5),('LP001882','IP43268',4333,1811,'Urban','Y','low class',5.0),('LP001883','IP43269',3418,0,'Rural','N','low class',3.0),('LP001884','IP43270',2876,1560,'Urban','Y','low class',5.0),('LP001888','IP43271',3237,0,'Urban','Y','low class',5.0),('LP001891','IP43272',11146,0,'Urban','Y','Grade-B',7.0),('LP001892','IP43273',2833,1857,'Rural','Y','low class',3.0),('LP001894','IP43274',2620,2223,'Semiurban','Y','low class',2.5),('LP001896','IP43275',3900,0,'Semiurban','Y','low class',2.5),('LP001900','IP43276',2750,1842,'Semiurban','Y','low class',2.5),('LP001903','IP43277',3993,3274,'Semiurban','Y','low class',2.5),('LP001904','IP43278',3103,1300,'Urban','Y','low class',5.0),('LP001907','IP43279',14583,0,'Semiurban','Y','Grade-B',7.0),('LP001908','IP43280',4100,0,'Rural','Y','low class',3.0),('LP001910','IP43281',4053,2426,'Urban','N','low class',5.0),('LP001914','IP43282',3927,800,'Semiurban','Y','low class',2.5),('LP001915','IP43283',2301,986,'Urban','Y','low class',5.0),('LP001917','IP43284',1811,1666,'Urban','Y','low class',5.0),('LP001922','IP43285',20667,0,'Rural','N','Grade-A',7.0),('LP001924','IP43286',3158,3053,'Rural','Y','low class',3.0),('LP001925','IP43287',2600,1717,'Semiurban','N','low class',2.5),('LP001926','IP43288',3704,2000,'Rural','Y','low class',3.0),('LP001931','IP43289',4124,0,'Semiurban','Y','low class',2.5),('LP001935','IP43290',9508,0,'Rural','Y','Grade-B',7.0),('LP001936','IP43291',3075,2416,'Rural','Y','low class',3.0),('LP001938','IP43292',4400,0,'Semiurban','N','low class',2.5),('LP001940','IP43293',3153,1560,'Urban','Y','low class',5.0),('LP001945','IP43294',5417,0,'Urban','N','Middle class customer',7.0),('LP001947','IP43295',2383,3334,'Semiurban','Y','low class',2.5),('LP001949','IP43296',4416,1250,'Urban','Y','low class',5.0),('LP001953','IP43297',6875,0,'Semiurban','Y','Middle class customer',7.0),('LP001954','IP43298',4666,0,'Urban','Y','low class',5.0),('LP001955','IP43299',5000,2541,'Rural','N','low class',7.0),('LP001963','IP43300',2014,2925,'Urban','N','low class',5.0),('LP001964','IP43301',1800,2934,'Urban','N','low class',5.0),('LP001972','IP43302',2875,1750,'Semiurban','Y','low class',2.5),('LP001974','IP43303',5000,0,'Rural','Y','low class',7.0),('LP001977','IP43304',1625,1803,'Urban','Y','low class',5.0),('LP001978','IP43305',4000,2500,'Rural','Y','low class',3.0),('LP001990','IP43306',2000,0,'Urban','N','low class',5.0),('LP001993','IP43307',3762,1666,'Rural','Y','low class',3.0),('LP001994','IP43308',2400,1863,'Urban','N','low class',5.0),('LP001996','IP43309',20233,0,'Rural','N','Grade-A',7.0),('LP001998','IP43310',7667,0,'Rural','Y','Middle class customer',7.0),('LP002002','IP43311',2917,0,'Semiurban','Y','low class',2.5),('LP002004','IP43312',2927,2405,'Semiurban','Y','low class',2.5),('LP002006','IP43313',2507,0,'Rural','Y','low class',3.0),('LP002008','IP43314',5746,0,'Rural','Y','Middle class customer',7.0),('LP002024','IP43315',2473,1843,'Rural','N','low class',3.0),('LP002031','IP43316',3399,1640,'Urban','Y','low class',5.0),('LP002035','IP43317',3717,0,'Semiurban','Y','low class',2.5),('LP002036','IP43318',2058,2134,'Urban','Y','low class',5.0),('LP002043','IP43319',3541,0,'Semiurban','Y','low class',2.5),('LP002050','IP43320',10000,0,'Rural','N','Grade-B',7.0),('LP002051','IP43321',2400,2167,'Semiurban','Y','low class',2.5),('LP002053','IP43322',4342,189,'Semiurban','Y','low class',2.5),('LP002054','IP43323',3601,1590,'Rural','Y','low class',3.0),('LP002055','IP43324',3166,2985,'Rural','Y','low class',3.0),('LP002065','IP43325',15000,0,'Rural','Y','Grade-B',7.0),('LP002067','IP43326',8666,4983,'Rural','N','Middle class customer',7.0),('LP002068','IP43327',4917,0,'Rural','Y','low class',3.0),('LP002082','IP43328',5818,2160,'Semiurban','Y','Middle class customer',7.0),('LP002086','IP43329',4333,2451,'Urban','N','low class',5.0),('LP002087','IP43330',2500,0,'Urban','Y','low class',5.0),('LP002097','IP43331',4384,1793,'Urban','Y','low class',5.0),('LP002098','IP43332',2935,0,'Semiurban','Y','low class',2.5),('LP002100','IP43333',2833,0,'Urban','Y','low class',5.0),('LP002101','IP43334',63337,0,'Urban','Y','Grade-A',7.0),('LP002103','IP43335',9833,1833,'Urban','Y','Grade-B',7.0),('LP002106','IP43336',5503,4490,'Semiurban','Y','Middle class customer',7.0),('LP002110','IP43337',5250,688,'Rural','Y','Middle class customer',7.0),('LP002112','IP43338',2500,4600,'Rural','Y','low class',3.0),('LP002113','IP43339',1830,0,'Urban','N','low class',5.0),('LP002114','IP43340',4160,0,'Semiurban','Y','low class',2.5),('LP002115','IP43341',2647,1587,'Rural','N','low class',3.0),('LP002116','IP43342',2378,0,'Rural','N','low class',3.0),('LP002119','IP43343',4554,1229,'Urban','Y','low class',5.0),('LP002126','IP43344',3173,0,'Semiurban','Y','low class',2.5),('LP002128','IP43345',2583,2330,'Rural','Y','low class',3.0),('LP002129','IP43346',2499,2458,'Semiurban','Y','low class',2.5),('LP002130','IP43347',3523,3230,'Rural','N','low class',3.0),('LP002131','IP43348',3083,2168,'Urban','Y','low class',5.0),('LP002137','IP43349',6333,4583,'Semiurban','Y','Middle class customer',7.0),('LP002138','IP43350',2625,6250,'Rural','Y','low class',3.0),('LP002139','IP43351',9083,0,'Semiurban','Y','Grade-B',7.0),('LP002140','IP43352',8750,4167,'Rural','N','Middle class customer',7.0),('LP002141','IP43353',2666,2083,'Rural','Y','low class',3.0),('LP002142','IP43354',5500,0,'Rural','N','Middle class customer',7.0),('LP002143','IP43355',2423,505,'Semiurban','Y','low class',2.5),('LP002144','IP43356',3813,0,'Urban','Y','low class',5.0),('LP002149','IP43357',8333,3167,'Rural','Y','Middle class customer',7.0),('LP002151','IP43358',3875,0,'Urban','N','low class',5.0),('LP002158','IP43359',3000,1666,'Urban','N','low class',5.0),('LP002160','IP43360',5167,3167,'Semiurban','Y','Middle class customer',7.0),('LP002161','IP43361',4723,0,'Semiurban','N','low class',2.5),('LP002170','IP43362',5000,3667,'Semiurban','Y','low class',7.0),('LP002175','IP43363',4750,2333,'Urban','Y','low class',5.0),('LP002178','IP43364',3013,3033,'Urban','Y','low class',5.0),('LP002180','IP43365',6822,0,'Rural','Y','Middle class customer',7.0),('LP002181','IP43366',6216,0,'Rural','N','Middle class customer',7.0),('LP002187','IP43367',2500,0,'Semiurban','N','low class',2.5),('LP002188','IP43368',5124,0,'Rural','N','Middle class customer',7.0),('LP002190','IP43369',6325,0,'Semiurban','Y','Middle class customer',7.0),('LP002191','IP43370',19730,5266,'Rural','N','Grade-A',7.0),('LP002194','IP43371',15759,0,'Semiurban','Y','Grade-A',7.0),('LP002197','IP43372',5185,0,'Semiurban','Y','Middle class customer',7.0),('LP002201','IP43373',9323,7873,'Rural','Y','Grade-B',7.0),('LP002205','IP43374',3062,1987,'Urban','N','low class',5.0),('LP002209','IP43375',2764,1459,'Urban','Y','low class',5.0),('LP002211','IP43376',4817,923,'Urban','Y','low class',5.0),('LP002219','IP43377',8750,4996,'Rural','Y','Middle class customer',7.0),('LP002223','IP43378',4310,0,'Semiurban','Y','low class',2.5),('LP002224','IP43379',3069,0,'Urban','N','low class',5.0),('LP002225','IP43380',5391,0,'Urban','Y','Middle class customer',7.0),('LP002226','IP43381',3333,2500,'Semiurban','Y','low class',2.5),('LP002229','IP43382',5941,4232,'Semiurban','Y','Middle class customer',7.0),('LP002231','IP43383',6000,0,'Urban','Y','Middle class customer',7.0),('LP002234','IP43384',7167,0,'Urban','Y','Middle class customer',7.0),('LP002236','IP43385',4566,0,'Urban','N','low class',5.0),('LP002237','IP43386',3667,0,'Urban','Y','low class',5.0),('LP002239','IP43387',2346,1600,'Semiurban','Y','low class',2.5),('LP002243','IP43388',3010,3136,'Urban','N','low class',5.0),('LP002244','IP43389',2333,2417,'Urban','Y','low class',5.0),('LP002250','IP43390',5488,0,'Rural','Y','Middle class customer',7.0),('LP002255','IP43391',9167,0,'Rural','Y','Grade-B',7.0),('LP002262','IP43392',9504,0,'Rural','Y','Grade-B',7.0),('LP002263','IP43393',2583,2115,'Urban','Y','low class',5.0),('LP002265','IP43394',1993,1625,'Semiurban','Y','low class',2.5),('LP002266','IP43395',3100,1400,'Urban','Y','low class',5.0),('LP002272','IP43396',3276,484,'Semiurban','Y','low class',2.5),('LP002277','IP43397',3180,0,'Urban','N','low class',5.0),('LP002281','IP43398',3033,1459,'Urban','Y','low class',5.0),('LP002284','IP43399',3902,1666,'Rural','Y','low class',3.0),('LP002287','IP43400',1500,1800,'Semiurban','N','low class',2.5),('LP002288','IP43401',2889,0,'Urban','N','low class',5.0),('LP002296','IP43402',2755,0,'Rural','N','low class',3.0),('LP002297','IP43403',2500,20000,'Semiurban','Y','low class',2.5),('LP002300','IP43404',1963,0,'Semiurban','Y','low class',2.5),('LP002301','IP43405',7441,0,'Rural','N','Middle class customer',7.0),('LP002305','IP43406',4547,0,'Semiurban','Y','low class',2.5),('LP002308','IP43407',2167,2400,'Urban','Y','low class',5.0),('LP002314','IP43408',2213,0,'Rural','Y','low class',3.0),('LP002315','IP43409',8300,0,'Semiurban','N','Middle class customer',7.0),('LP002317','IP43410',81000,0,'Rural','N','Grade-A',7.0),('LP002318','IP43411',3867,0,'Semiurban','N','low class',2.5),('LP002319','IP43412',6256,0,'Urban','Y','Middle class customer',7.0),('LP002328','IP43413',6096,0,'Rural','N','Middle class customer',7.0),('LP002332','IP43414',2253,2033,'Rural','Y','low class',3.0),('LP002335','IP43415',2149,3237,'Semiurban','N','low class',2.5),('LP002337','IP43416',2995,0,'Urban','Y','low class',5.0),('LP002341','IP43417',2600,0,'Urban','N','low class',5.0),('LP002342','IP43418',1600,20000,'Urban','N','low class',5.0),('LP002345','IP43419',1025,2773,'Rural','Y','low class',3.0),('LP002347','IP43420',3246,1417,'Semiurban','Y','low class',2.5),('LP002348','IP43421',5829,0,'Rural','Y','Middle class customer',7.0),('LP002357','IP43422',2720,0,'Urban','N','low class',5.0),('LP002361','IP43423',1820,1719,'Urban','Y','low class',5.0),('LP002362','IP43424',7250,1667,'Urban','N','Middle class customer',7.0),('LP002364','IP43425',14880,0,'Semiurban','Y','Grade-B',7.0),('LP002366','IP43426',2666,4300,'Rural','Y','low class',3.0),('LP002367','IP43427',4606,0,'Rural','N','low class',3.0),('LP002368','IP43428',5935,0,'Semiurban','Y','Middle class customer',7.0),('LP002369','IP43429',2920,16,'Rural','Y','low class',3.0),('LP002370','IP43430',2717,0,'Urban','Y','low class',5.0),('LP002377','IP43431',8624,0,'Semiurban','Y','Middle class customer',7.0),('LP002379','IP43432',6500,0,'Rural','N','Middle class customer',7.0),('LP002386','IP43433',12876,0,'Semiurban','Y','Grade-B',7.0),('LP002387','IP43434',2425,2340,'Semiurban','Y','low class',2.5),('LP002390','IP43435',3750,0,'Urban','Y','low class',5.0),('LP002393','IP43436',10047,0,'Semiurban','Y','Grade-B',7.0),('LP002398','IP43437',1926,1851,'Semiurban','Y','low class',2.5),('LP002401','IP43438',2213,1125,'Urban','Y','low class',5.0),('LP002403','IP43439',10416,0,'Urban','N','Grade-B',7.0),('LP002407','IP43440',7142,0,'Rural','Y','Middle class customer',7.0),('LP002408','IP43441',3660,5064,'Semiurban','Y','low class',2.5),('LP002409','IP43442',7901,1833,'Rural','Y','Middle class customer',7.0),('LP002418','IP43443',4707,1993,'Semiurban','Y','low class',2.5),('LP002422','IP43444',37719,0,'Semiurban','Y','Grade-A',7.0),('LP002424','IP43445',7333,8333,'Rural','Y','Middle class customer',7.0),('LP002429','IP43446',3466,1210,'Rural','Y','low class',3.0),('LP002434','IP43447',4652,0,'Rural','Y','low class',3.0),('LP002435','IP43448',3539,1376,'Rural','N','low class',3.0),('LP002443','IP43449',3340,1710,'Rural','N','low class',3.0),('LP002444','IP43450',2769,1542,'Semiurban','N','low class',2.5),('LP002446','IP43451',2309,1255,'Rural','N','low class',3.0),('LP002447','IP43452',1958,1456,'Urban','Y','low class',5.0),('LP002448','IP43453',3948,1733,'Rural','N','low class',3.0),('LP002449','IP43454',2483,2466,'Rural','Y','low class',3.0),('LP002453','IP43455',7085,0,'Semiurban','Y','Middle class customer',7.0),('LP002455','IP43456',3859,0,'Semiurban','Y','low class',2.5),('LP002459','IP43457',4301,0,'Urban','Y','low class',5.0),('LP002467','IP43458',3708,2569,'Urban','N','low class',5.0),('LP002472','IP43459',4354,0,'Rural','Y','low class',3.0),('LP002473','IP43460',8334,0,'Semiurban','N','Middle class customer',7.0),('LP002478','IP43461',2083,4083,'Semiurban','Y','low class',2.5),('LP002484','IP43462',7740,0,'Urban','Y','Middle class customer',7.0),('LP002487','IP43463',3015,2188,'Rural','Y','low class',3.0),('LP002489','IP43464',5191,0,'Semiurban','Y','Middle class customer',7.0),('LP002493','IP43465',4166,0,'Semiurban','N','low class',2.5),('LP002494','IP43466',6000,0,'Rural','Y','Middle class customer',7.0),('LP002500','IP43467',2947,1664,'Urban','N','low class',5.0),('LP002501','IP43468',16692,0,'Semiurban','Y','Grade-A',7.0),('LP002502','IP43469',210,2917,'Semiurban','Y','low class',2.5),('LP002505','IP43470',4333,2451,'Urban','N','low class',5.0),('LP002515','IP43471',3450,2079,'Semiurban','Y','low class',2.5),('LP002517','IP43472',2653,1500,'Rural','N','low class',3.0),('LP002519','IP43473',4691,0,'Semiurban','Y','low class',2.5),('LP002522','IP43474',2500,0,'Urban','Y','low class',5.0),('LP002524','IP43475',5532,4648,'Rural','Y','Middle class customer',7.0),('LP002527','IP43476',16525,1014,'Rural','Y','Grade-A',7.0),('LP002529','IP43477',6700,1750,'Semiurban','Y','Middle class customer',7.0),('LP002530','IP43478',2873,1872,'Semiurban','N','low class',2.5),('LP002531','IP43479',16667,2250,'Semiurban','Y','Grade-A',7.0),('LP002533','IP43480',2947,1603,'Urban','N','low class',5.0),('LP002534','IP43481',4350,0,'Rural','Y','low class',3.0),('LP002536','IP43482',3095,0,'Rural','Y','low class',3.0),('LP002537','IP43483',2083,3150,'Semiurban','Y','low class',2.5),('LP002541','IP43484',10833,0,'Semiurban','Y','Grade-B',7.0),('LP002543','IP43485',8333,0,'Semiurban','Y','Middle class customer',7.0),('LP002544','IP43486',1958,2436,'Rural','Y','low class',3.0),('LP002545','IP43487',3547,0,'Rural','N','low class',3.0),('LP002547','IP43488',18333,0,'Urban','N','Grade-A',7.0),('LP002555','IP43489',4583,2083,'Semiurban','Y','low class',2.5),('LP002556','IP43490',2435,0,'Urban','N','low class',5.0),('LP002560','IP43491',2699,2785,'Semiurban','Y','low class',2.5),('LP002562','IP43492',5333,1131,'Urban','Y','Middle class customer',7.0),('LP002571','IP43493',3691,0,'Rural','Y','low class',3.0),('LP002582','IP43494',17263,0,'Semiurban','Y','Grade-A',7.0),('LP002585','IP43495',3597,2157,'Rural','N','low class',3.0),('LP002586','IP43496',3326,913,'Semiurban','Y','low class',2.5),('LP002587','IP43497',2600,1700,'Rural','Y','low class',3.0),('LP002588','IP43498',4625,2857,'Urban','Y','low class',5.0),('LP002600','IP43499',2895,0,'Semiurban','Y','low class',2.5),('LP002602','IP43500',6283,4416,'Rural','N','Middle class customer',7.0),('LP002603','IP43501',645,3683,'Rural','Y','low class',3.0),('LP002606','IP43502',3159,0,'Semiurban','Y','low class',2.5),('LP002615','IP43503',4865,5624,'Semiurban','Y','low class',2.5),('LP002618','IP43504',4050,5302,'Rural','N','low class',3.0),('LP002619','IP43505',3814,1483,'Semiurban','Y','low class',2.5),('LP002622','IP43506',3510,4416,'Rural','Y','low class',3.0),('LP002624','IP43507',20833,6667,'Urban','Y','Grade-A',7.0),('LP002625','IP43508',3583,0,'Urban','N','low class',5.0),('LP002626','IP43509',2479,3013,'Urban','Y','low class',5.0),('LP002634','IP43510',13262,0,'Urban','Y','Grade-B',7.0),('LP002637','IP43511',3598,1287,'Rural','N','low class',3.0),('LP002640','IP43512',6065,2004,'Semiurban','Y','Middle class customer',7.0),('LP002643','IP43513',3283,2035,'Urban','Y','low class',5.0),('LP002648','IP43514',2130,6666,'Semiurban','N','low class',2.5),('LP002652','IP43515',5815,3666,'Rural','N','Middle class customer',7.0),('LP002659','IP43516',3466,3428,'Rural','Y','low class',3.0),('LP002670','IP43517',2031,1632,'Semiurban','Y','low class',2.5),('LP002682','IP43518',3074,1800,'Semiurban','N','low class',2.5),('LP002683','IP43519',4683,1915,'Semiurban','N','low class',2.5),('LP002684','IP43520',3400,0,'Rural','N','low class',3.0),('LP002689','IP43521',2192,1742,'Semiurban','Y','low class',2.5),('LP002690','IP43522',2500,0,'Semiurban','Y','low class',2.5),('LP002692','IP43523',5677,1424,'Rural','Y','Middle class customer',7.0),('LP002693','IP43524',7948,7166,'Rural','Y','Middle class customer',7.0),('LP002697','IP43525',4680,2087,'Semiurban','N','low class',2.5),('LP002699','IP43526',17500,0,'Rural','Y','Grade-A',7.0),('LP002705','IP43527',3775,0,'Semiurban','Y','low class',2.5),('LP002706','IP43528',5285,1430,'Semiurban','Y','Middle class customer',7.0),('LP002714','IP43529',2679,1302,'Semiurban','Y','low class',2.5),('LP002716','IP43530',6783,0,'Semiurban','Y','Middle class customer',7.0),('LP002717','IP43531',1025,5500,'Rural','Y','low class',3.0),('LP002720','IP43532',4281,0,'Urban','Y','low class',5.0),('LP002723','IP43533',3588,0,'Rural','N','low class',3.0),('LP002729','IP43534',11250,0,'Semiurban','N','Grade-B',7.0),('LP002731','IP43535',18165,0,'Urban','Y','Grade-A',7.0),('LP002732','IP43536',2550,2042,'Rural','Y','low class',3.0),('LP002734','IP43537',6133,3906,'Urban','Y','Middle class customer',7.0),('LP002738','IP43538',3617,0,'Semiurban','Y','low class',2.5),('LP002739','IP43539',2917,536,'Rural','N','low class',3.0),('LP002740','IP43540',6417,0,'Rural','Y','Middle class customer',7.0),('LP002741','IP43541',4608,2845,'Semiurban','Y','low class',2.5),('LP002743','IP43542',2138,0,'Semiurban','N','low class',2.5),('LP002753','IP43543',3652,0,'Semiurban','Y','low class',2.5),('LP002755','IP43544',2239,2524,'Urban','Y','low class',5.0),('LP002757','IP43545',3017,663,'Semiurban','Y','low class',2.5),('LP002767','IP43546',2768,1950,'Rural','Y','low class',3.0),('LP002768','IP43547',3358,0,'Semiurban','N','low class',2.5),('LP002772','IP43548',2526,1783,'Rural','Y','low class',3.0),('LP002776','IP43549',5000,0,'Semiurban','N','low class',7.0),('LP002777','IP43550',2785,2016,'Rural','Y','low class',3.0),('LP002778','IP43551',6633,0,'Rural','N','Middle class customer',7.0),('LP002784','IP43552',2492,2375,'Rural','Y','low class',3.0),('LP002785','IP43553',3333,3250,'Urban','Y','low class',5.0),('LP002788','IP43554',2454,2333,'Urban','N','low class',5.0),('LP002789','IP43555',3593,4266,'Rural','N','low class',3.0),('LP002792','IP43556',5468,1032,'Semiurban','Y','Middle class customer',7.0),('LP002794','IP43557',2667,1625,'Urban','Y','low class',5.0),('LP002795','IP43558',10139,0,'Semiurban','Y','Grade-B',7.0),('LP002798','IP43559',3887,2669,'Semiurban','Y','low class',2.5),('LP002804','IP43560',4180,2306,'Semiurban','Y','low class',2.5),('LP002807','IP43561',3675,242,'Semiurban','Y','low class',2.5),('LP002813','IP43562',19484,0,'Semiurban','Y','Grade-A',7.0),('LP002820','IP43563',5923,2054,'Rural','Y','Middle class customer',7.0),('LP002821','IP43564',5800,0,'Semiurban','Y','Middle class customer',7.0),('LP002832','IP43565',8799,0,'Urban','N','Middle class customer',7.0),('LP002833','IP43566',4467,0,'Rural','Y','low class',3.0),('LP002836','IP43567',3333,0,'Urban','Y','low class',5.0),('LP002837','IP43568',3400,2500,'Rural','N','low class',3.0),('LP002840','IP43569',2378,0,'Urban','N','low class',5.0),('LP002841','IP43570',3166,2064,'Urban','N','low class',5.0),('LP002842','IP43571',3417,1750,'Urban','Y','low class',5.0),('LP002847','IP43572',5116,1451,'Urban','N','Middle class customer',7.0),('LP002855','IP43573',16666,0,'Urban','Y','Grade-A',7.0),('LP002862','IP43574',6125,1625,'Semiurban','N','Middle class customer',7.0),('LP002863','IP43575',6406,0,'Semiurban','N','Middle class customer',7.0),('LP002868','IP43576',3159,461,'Urban','Y','low class',5.0),('LP002872','IP43577',3087,2210,'Semiurban','N','low class',2.5),('LP002874','IP43578',3229,2739,'Urban','Y','low class',5.0),('LP002877','IP43579',1782,2232,'Rural','Y','low class',3.0),('LP002888','IP43580',3182,2917,'Urban','Y','low class',5.0),('LP002892','IP43581',6540,0,'Semiurban','Y','Middle class customer',7.0),('LP002893','IP43582',1836,33837,'Urban','N','low class',5.0),('LP002894','IP43583',3166,0,'Semiurban','Y','low class',2.5),('LP002898','IP43584',1880,0,'Rural','N','low class',3.0),('LP002911','IP43585',2787,1917,'Rural','N','low class',3.0),('LP002912','IP43586',4283,3000,'Rural','N','low class',3.0),('LP002916','IP43587',2297,1522,'Urban','Y','low class',5.0),('LP002917','IP43588',2165,0,'Semiurban','Y','low class',2.5),('LP002925','IP43589',4750,0,'Semiurban','Y','low class',2.5),('LP002926','IP43590',2726,0,'Semiurban','N','low class',2.5),('LP002928','IP43591',3000,3416,'Semiurban','Y','low class',2.5),('LP002931','IP43592',6000,0,'Semiurban','N','Middle class customer',7.0),('LP002933','IP43593',9357,0,'Semiurban','Y','Grade-B',7.0),('LP002936','IP43594',3859,3300,'Rural','Y','low class',3.0),('LP002938','IP43595',16120,0,'Urban','Y','Grade-A',7.0),('LP002940','IP43596',3833,0,'Rural','Y','low class',3.0),('LP002941','IP43597',6383,1000,'Rural','N','Middle class customer',7.0),('LP002943','IP43598',2987,0,'Semiurban','N','low class',2.5),('LP002945','IP43599',9963,0,'Rural','Y','Grade-B',7.0),('LP002948','IP43600',5780,0,'Urban','Y','Middle class customer',7.0),('LP002949','IP43601',416,41667,'Urban','N','low class',5.0),('LP002950','IP43602',2894,2792,'Rural','Y','low class',3.0),('LP002953','IP43603',5703,0,'Urban','Y','Middle class customer',7.0),('LP002958','IP43604',3676,4301,'Rural','Y','low class',3.0),('LP002959','IP43605',12000,0,'Semiurban','Y','Grade-B',7.0),('LP002960','IP43606',2400,3800,'Urban','N','low class',5.0),('LP002961','IP43607',3400,2500,'Semiurban','Y','low class',2.5),('LP002964','IP43608',3987,1411,'Rural','Y','low class',3.0),('LP002974','IP43609',3232,1950,'Rural','Y','low class',3.0),('LP002978','IP43610',2900,0,'Rural','Y','low class',3.0),('LP002979','IP43611',4106,0,'Rural','Y','low class',3.0),('LP002983','IP43612',8072,240,'Urban','Y','Middle class customer',7.0),('LP002984','IP43613',7583,0,'Urban','Y','Middle class customer',7.0),('LP002990','IP43614',4583,0,'Semiurban','N','low class',2.5);
/*!40000 ALTER TABLE `interst` ENABLE KEYS */;
UNLOCK TABLES;

--
-- Table structure for table `loan`
--

DROP TABLE IF EXISTS `loan`;
/*!40101 SET @saved_cs_client     = @@character_set_client */;
/*!50503 SET character_set_client = utf8mb4 */;
CREATE TABLE `loan` (
  `loan_id` varchar(50) NOT NULL,
  `customer_id` varchar(50) DEFAULT NULL,
  `loan_amt` int DEFAULT NULL,
  `loan_amt_term` int DEFAULT NULL,
  `cibil` int DEFAULT NULL,
  PRIMARY KEY (`loan_id`)
) ENGINE=InnoDB DEFAULT CHARSET=utf8mb4 COLLATE=utf8mb4_0900_ai_ci;
/*!40101 SET character_set_client = @saved_cs_client */;

--
-- Dumping data for table `loan`
--

LOCK TABLES `loan` WRITE;
/*!40000 ALTER TABLE `loan` DISABLE KEYS */;
INSERT INTO `loan` VALUES ('LP001003','IP43002',128,360,920),('LP001005','IP43003',66,360,606),('LP001006','IP43004',120,360,851),('LP001008','IP43005',141,360,420),('LP001011','IP43006',267,360,173),('LP001013','IP43007',95,360,650),('LP001014','IP43008',158,360,471),('LP001018','IP43009',168,360,863),('LP001020','IP43010',349,360,730),('LP001024','IP43011',70,360,143),('LP001027','IP43012',109,360,384),('LP001028','IP43013',200,360,928),('LP001029','IP43014',114,360,455),('LP001030','IP43015',17,120,564),('LP001032','IP43016',125,360,477),('LP001034','IP43017',100,240,888),('LP001036','IP43018',76,360,387),('LP001038','IP43019',133,360,371),('LP001041','IP43020',115,0,537),('LP001043','IP43021',104,360,534),('LP001046','IP43022',315,360,903),('LP001047','IP43023',116,360,615),('LP001050','IP43024',112,360,593),('LP001052','IP43025',151,360,79),('LP001066','IP43026',191,360,293),('LP001068','IP43027',122,360,999),('LP001073','IP43028',110,360,781),('LP001086','IP43029',35,360,521),('LP001087','IP43030',120,360,620),('LP001091','IP43031',201,360,972),('LP001095','IP43032',74,360,425),('LP001097','IP43033',106,360,420),('LP001098','IP43034',114,360,667),('LP001100','IP43035',320,360,889),('LP001109','IP43037',100,0,413),('LP001112','IP43038',144,360,139),('LP001114','IP43039',184,360,812),('LP001116','IP43040',110,360,71),('LP001119','IP43041',80,360,374),('LP001120','IP43042',47,360,472),('LP001123','IP43043',75,360,881),('LP001131','IP43044',134,360,80),('LP001136','IP43045',96,0,760),('LP001137','IP43046',88,0,495),('LP001138','IP43047',44,360,197),('LP001144','IP43048',144,360,151),('LP001146','IP43049',120,360,733),('LP001151','IP43050',144,360,187),('LP001155','IP43051',100,360,808),('LP001157','IP43052',120,360,475),('LP001164','IP43053',112,360,359),('LP001179','IP43054',134,360,716),('LP001186','IP43055',286,360,546),('LP001194','IP43056',97,360,509),('LP001195','IP43057',96,360,160),('LP001197','IP43058',135,360,186),('LP001198','IP43059',180,360,781),('LP001199','IP43060',144,360,949),('LP001205','IP43061',120,360,629),('LP001206','IP43062',99,360,803),('LP001207','IP43063',165,180,889),('LP001222','IP43065',116,360,924),('LP001225','IP43066',258,360,261),('LP001228','IP43067',126,180,339),('LP001233','IP43068',312,360,551),('LP001238','IP43069',125,60,227),('LP001241','IP43070',136,360,827),('LP001243','IP43071',172,360,240),('LP001245','IP43072',97,360,245),('LP001248','IP43073',81,300,252),('LP001250','IP43074',95,0,594),('LP001253','IP43075',187,360,520),('LP001255','IP43076',113,480,74),('LP001256','IP43077',176,360,492),('LP001259','IP43078',110,360,399),('LP001263','IP43079',180,300,342),('LP001264','IP43080',130,360,951),('LP001265','IP43081',111,360,431),('LP001267','IP43083',167,360,309),('LP001273','IP43084',265,360,393),('LP001275','IP43085',50,240,933),('LP001279','IP43086',136,360,720),('LP001280','IP43087',99,360,985),('LP001282','IP43088',104,360,789),('LP001289','IP43089',210,360,611),('LP001310','IP43090',175,360,429),('LP001316','IP43091',131,360,497),('LP001318','IP43092',188,180,71),('LP001319','IP43093',81,360,225),('LP001322','IP43094',122,360,148),('LP001325','IP43095',25,120,680),('LP001327','IP43097',137,360,558),('LP001333','IP43098',50,360,994),('LP001334','IP43099',115,180,632),('LP001343','IP43100',131,360,213),('LP001345','IP43101',133,180,759),('LP001349','IP43102',151,360,263),('LP001357','IP43105',160,360,200),('LP001367','IP43106',100,360,157),('LP001369','IP43107',225,360,636),('LP001370','IP43108',120,360,550),('LP001379','IP43109',216,360,231),('LP001384','IP43110',94,480,336),('LP001385','IP43111',136,360,555),('LP001387','IP43112',139,360,680),('LP001391','IP43113',152,0,140),('LP001398','IP43115',118,360,278),('LP001401','IP43116',185,180,478),('LP001404','IP43117',154,360,919),('LP001405','IP43118',85,360,570),('LP001421','IP43119',175,360,375),('LP001422','IP43120',259,360,997),('LP001426','IP43121',180,360,731),('LP001430','IP43122',44,360,483),('LP001431','IP43123',137,360,877),('LP001432','IP43124',81,360,815),('LP001439','IP43125',194,360,213),('LP001443','IP43126',93,360,403),('LP001448','IP43127',370,360,249),('LP001451','IP43129',160,180,929),('LP001465','IP43130',182,360,454),('LP001469','IP43131',650,480,840),('LP001473','IP43132',74,360,208),('LP001478','IP43133',70,360,353),('LP001482','IP43134',25,120,926),('LP001487','IP43135',102,360,688),('LP001488','IP43136',290,360,433),('LP001489','IP43137',84,360,113),('LP001491','IP43138',88,360,129),('LP001492','IP43139',242,360,663),('LP001493','IP43140',129,360,684),('LP001497','IP43141',185,360,266),('LP001498','IP43142',168,360,883),('LP001504','IP43143',175,180,465),('LP001507','IP43144',122,360,291),('LP001508','IP43145',187,180,227),('LP001514','IP43146',100,360,923),('LP001516','IP43147',70,360,129),('LP001518','IP43148',30,360,142),('LP001519','IP43149',225,360,871),('LP001520','IP43150',125,360,193),('LP001528','IP43151',118,360,367),('LP001529','IP43152',152,360,888),('LP001531','IP43153',244,360,484),('LP001532','IP43154',113,360,390),('LP001535','IP43155',50,360,940),('LP001536','IP43156',600,180,738),('LP001541','IP43157',160,360,164),('LP001543','IP43158',187,360,483),('LP001546','IP43159',120,360,424),('LP001552','IP43160',255,360,934),('LP001560','IP43161',98,360,805),('LP001562','IP43162',275,360,538),('LP001565','IP43163',400,360,0),('LP001570','IP43164',158,360,82),('LP001572','IP43165',75,180,227),('LP001574','IP43166',182,0,471),('LP001577','IP43167',112,360,330),('LP001578','IP43168',129,360,61),('LP001579','IP43169',63,480,780),('LP001580','IP43170',200,360,576),('LP001581','IP43171',95,360,258),('LP001585','IP43172',700,300,709),('LP001586','IP43173',81,180,662),('LP001594','IP43174',187,360,371),('LP001603','IP43175',87,360,710),('LP001606','IP43176',116,360,606),('LP001608','IP43177',101,360,789),('LP001610','IP43178',495,360,793),('LP001616','IP43179',116,360,473),('LP001630','IP43180',102,480,440),('LP001633','IP43181',180,360,283),('LP001634','IP43182',320,360,0),('LP001636','IP43183',73,180,433),('LP001637','IP43184',260,360,660),('LP001639','IP43185',108,360,395),('LP001640','IP43186',120,360,72),('LP001641','IP43187',66,300,794),('LP001643','IP43188',58,360,902),('LP001644','IP43189',168,360,582),('LP001647','IP43190',188,180,264),('LP001653','IP43191',48,360,700),('LP001656','IP43192',164,360,513),('LP001657','IP43193',160,360,153),('LP001658','IP43194',76,360,500),('LP001664','IP43195',120,360,114),('LP001665','IP43196',170,360,932),('LP001666','IP43197',187,360,537),('LP001669','IP43198',120,0,520),('LP001671','IP43199',113,360,315),('LP001673','IP43200',83,360,507),('LP001674','IP43201',90,360,420),('LP001677','IP43202',166,360,289),('LP001688','IP43204',135,360,947),('LP001691','IP43205',124,360,642),('LP001692','IP43206',120,360,638),('LP001693','IP43207',80,360,303),('LP001698','IP43208',55,360,816),('LP001699','IP43209',59,360,873),('LP001702','IP43210',127,360,80),('LP001708','IP43211',214,360,814),('LP001711','IP43212',128,360,981),('LP001713','IP43213',240,360,728),('LP001715','IP43214',130,360,738),('LP001716','IP43215',137,360,145),('LP001720','IP43216',100,360,753),('LP001722','IP43217',135,360,249),('LP001726','IP43218',131,360,237),('LP001732','IP43219',72,360,854),('LP001734','IP43220',127,360,751),('LP001736','IP43221',60,360,897),('LP001743','IP43222',116,360,805),('LP001744','IP43223',144,360,637),('LP001749','IP43224',175,0,56),('LP001750','IP43225',128,360,312),('LP001751','IP43226',170,360,931),('LP001754','IP43227',138,360,662),('LP001758','IP43228',210,360,63),('LP001760','IP43229',158,480,108),('LP001761','IP43230',200,360,982),('LP001765','IP43231',190,360,0),('LP001768','IP43232',42,180,414),('LP001770','IP43233',120,0,575),('LP001776','IP43234',280,360,667),('LP001778','IP43235',140,360,171),('LP001784','IP43236',170,360,819),('LP001786','IP43237',255,360,392),('LP001788','IP43238',122,360,129),('LP001790','IP43239',112,360,886),('LP001792','IP43240',96,360,808),('LP001798','IP43241',120,360,668),('LP001800','IP43242',140,180,783),('LP001806','IP43243',155,60,886),('LP001807','IP43244',108,360,659),('LP001811','IP43245',123,360,925),('LP001813','IP43246',120,180,366),('LP001814','IP43247',112,360,871),('LP001819','IP43248',137,180,492),('LP001824','IP43249',123,480,472),('LP001825','IP43250',90,360,216),('LP001835','IP43251',201,360,310),('LP001836','IP43252',138,360,982),('LP001841','IP43253',104,360,91),('LP001843','IP43254',279,180,952),('LP001844','IP43255',192,360,793),('LP001846','IP43256',255,360,309),('LP001849','IP43257',115,360,980),('LP001854','IP43258',94,360,425),('LP001859','IP43259',304,360,243),('LP001864','IP43260',128,360,618),('LP001865','IP43261',330,360,291),('LP001868','IP43262',134,360,418),('LP001870','IP43263',155,36,245),('LP001871','IP43264',120,360,475),('LP001872','IP43265',128,360,583),('LP001875','IP43266',151,360,387),('LP001877','IP43267',150,360,292),('LP001882','IP43268',160,360,56),('LP001883','IP43269',135,360,732),('LP001884','IP43270',90,360,70),('LP001888','IP43271',30,360,438),('LP001891','IP43272',136,360,568),('LP001892','IP43273',126,360,166),('LP001894','IP43274',150,360,952),('LP001896','IP43275',90,360,763),('LP001900','IP43276',115,360,999),('LP001903','IP43277',207,360,468),('LP001904','IP43278',80,360,201),('LP001907','IP43279',436,360,398),('LP001908','IP43280',124,360,320),('LP001910','IP43281',158,360,932),('LP001914','IP43282',112,360,641),('LP001915','IP43283',78,180,818),('LP001917','IP43284',54,360,592),('LP001924','IP43286',89,360,760),('LP001925','IP43287',99,300,497),('LP001926','IP43288',120,360,55),('LP001931','IP43289',115,360,447),('LP001935','IP43290',187,360,718),('LP001936','IP43291',139,360,560),('LP001938','IP43292',127,360,574),('LP001940','IP43293',134,360,172),('LP001945','IP43294',143,480,231),('LP001947','IP43295',172,360,152),('LP001949','IP43296',110,360,702),('LP001953','IP43297',200,360,703),('LP001954','IP43298',135,360,650),('LP001955','IP43299',151,480,587),('LP001963','IP43300',113,360,642),('LP001964','IP43301',93,360,918),('LP001972','IP43302',105,360,405),('LP001974','IP43303',132,360,359),('LP001977','IP43304',96,360,53),('LP001978','IP43305',140,360,98),('LP001993','IP43307',135,360,268),('LP001994','IP43308',104,360,147),('LP001996','IP43309',480,360,362),('LP001998','IP43310',185,360,361),('LP002002','IP43311',84,360,622),('LP002004','IP43312',111,360,116),('LP002006','IP43313',56,360,958),('LP002008','IP43314',144,84,555),('LP002024','IP43315',159,360,713),('LP002031','IP43316',111,180,56),('LP002035','IP43317',120,360,930),('LP002036','IP43318',88,360,126),('LP002043','IP43319',112,360,697),('LP002050','IP43320',155,360,285),('LP002051','IP43321',115,360,654),('LP002053','IP43322',124,360,953),('LP002055','IP43324',132,360,381),('LP002065','IP43325',300,360,819),('LP002067','IP43326',376,360,373),('LP002068','IP43327',130,360,324),('LP002082','IP43328',184,360,900),('LP002086','IP43329',110,360,503),('LP002087','IP43330',67,360,524),('LP002097','IP43331',117,360,139),('LP002098','IP43332',98,360,317),('LP002100','IP43333',71,360,868),('LP002101','IP43334',490,180,555),('LP002103','IP43335',182,180,440),('LP002106','IP43336',70,0,401),('LP002110','IP43337',160,360,389),('LP002112','IP43338',176,360,979),('LP002114','IP43340',71,360,895),('LP002115','IP43341',173,360,365),('LP002116','IP43342',46,360,258),('LP002119','IP43343',158,360,735),('LP002126','IP43344',74,360,90),('LP002128','IP43345',125,360,453),('LP002129','IP43346',160,360,840),('LP002130','IP43347',152,360,319),('LP002131','IP43348',126,360,294),('LP002137','IP43349',259,360,634),('LP002138','IP43350',187,360,544),('LP002139','IP43351',228,360,655),('LP002140','IP43352',308,360,308),('LP002141','IP43353',95,360,102),('LP002142','IP43354',105,360,878),('LP002143','IP43355',130,360,861),('LP002144','IP43356',116,180,766),('LP002149','IP43357',165,360,951),('LP002151','IP43358',67,360,799),('LP002158','IP43359',100,480,397),('LP002160','IP43360',200,360,253),('LP002161','IP43361',81,360,148),('LP002170','IP43362',236,360,675),('LP002175','IP43363',130,360,978),('LP002178','IP43364',95,300,161),('LP002180','IP43365',141,360,234),('LP002181','IP43366',133,360,869),('LP002187','IP43367',96,480,701),('LP002188','IP43368',124,0,98),('LP002190','IP43369',175,360,435),('LP002191','IP43370',570,360,323),('LP002194','IP43371',55,360,331),('LP002197','IP43372',155,360,736),('LP002201','IP43373',380,300,831),('LP002205','IP43374',111,180,699),('LP002209','IP43375',110,360,697),('LP002211','IP43376',120,180,846),('LP002219','IP43377',130,360,158),('LP002223','IP43378',130,360,908),('LP002224','IP43379',71,480,317),('LP002225','IP43380',130,360,203),('LP002226','IP43381',128,360,887),('LP002229','IP43382',296,360,673),('LP002231','IP43383',156,360,443),('LP002234','IP43384',128,360,828),('LP002236','IP43385',100,360,562),('LP002237','IP43386',113,180,52),('LP002239','IP43387',132,360,337),('LP002244','IP43389',136,360,884),('LP002250','IP43390',125,360,320),('LP002255','IP43391',185,360,897),('LP002262','IP43392',275,360,882),('LP002263','IP43393',120,360,946),('LP002265','IP43394',113,180,733),('LP002266','IP43395',113,360,213),('LP002272','IP43396',135,360,507),('LP002277','IP43397',71,360,403),('LP002281','IP43398',95,360,478),('LP002284','IP43399',109,360,216),('LP002287','IP43400',103,360,459),('LP002288','IP43401',45,180,826),('LP002296','IP43402',65,300,971),('LP002297','IP43403',103,360,806),('LP002300','IP43404',53,360,775),('LP002301','IP43405',194,360,99),('LP002305','IP43406',115,360,283),('LP002308','IP43407',115,360,784),('LP002314','IP43408',66,360,822),('LP002315','IP43409',152,300,143),('LP002317','IP43410',360,360,484),('LP002318','IP43411',62,360,779),('LP002319','IP43412',160,360,842),('LP002328','IP43413',218,360,725),('LP002332','IP43414',110,360,607),('LP002335','IP43415',178,360,685),('LP002337','IP43416',60,360,834),('LP002341','IP43417',160,360,260),('LP002342','IP43418',239,360,108),('LP002345','IP43419',112,360,229),('LP002347','IP43420',138,360,718),('LP002348','IP43421',138,360,632),('LP002357','IP43422',80,0,447),('LP002361','IP43423',100,360,190),('LP002362','IP43424',110,0,285),('LP002364','IP43425',96,360,576),('LP002366','IP43426',121,360,555),('LP002367','IP43427',81,360,74),('LP002368','IP43428',133,360,559),('LP002369','IP43429',87,360,625),('LP002370','IP43430',60,180,889),('LP002377','IP43431',150,360,866),('LP002379','IP43432',105,360,61),('LP002386','IP43433',405,360,642),('LP002387','IP43434',143,360,953),('LP002390','IP43435',100,360,539),('LP002398','IP43437',50,360,961),('LP002403','IP43439',187,360,272),('LP002407','IP43440',138,360,865),('LP002408','IP43441',360,360,0),('LP002409','IP43442',180,360,631),('LP002418','IP43443',148,360,130),('LP002422','IP43444',152,360,730),('LP002424','IP43445',175,300,807),('LP002429','IP43446',130,360,127),('LP002434','IP43447',110,360,460),('LP002435','IP43448',55,360,837),('LP002443','IP43449',150,360,486),('LP002444','IP43450',190,360,379),('LP002446','IP43451',125,360,205),('LP002447','IP43452',60,300,802),('LP002448','IP43453',149,360,252),('LP002449','IP43454',90,180,903),('LP002453','IP43455',84,360,100),('LP002455','IP43456',96,360,928),('LP002459','IP43457',118,360,231),('LP002467','IP43458',173,360,918),('LP002472','IP43459',136,360,662),('LP002473','IP43460',160,360,465),('LP002478','IP43461',160,360,965),('LP002484','IP43462',128,180,568),('LP002487','IP43463',153,360,698),('LP002489','IP43464',132,360,214),('LP002493','IP43465',98,360,978),('LP002494','IP43466',140,360,403),('LP002500','IP43467',70,180,292),('LP002501','IP43468',110,360,671),('LP002502','IP43469',98,360,71),('LP002505','IP43470',110,360,167),('LP002515','IP43471',162,360,970),('LP002517','IP43472',113,180,650),('LP002519','IP43473',100,360,649),('LP002522','IP43474',93,360,104),('LP002524','IP43475',162,360,567),('LP002527','IP43476',150,360,984),('LP002529','IP43477',230,300,175),('LP002530','IP43478',132,360,431),('LP002531','IP43479',86,360,416),('LP002534','IP43481',154,360,981),('LP002536','IP43482',113,360,950),('LP002537','IP43483',128,360,226),('LP002541','IP43484',234,360,74),('LP002543','IP43485',246,360,551),('LP002544','IP43486',131,360,547),('LP002545','IP43487',80,360,619),('LP002547','IP43488',500,360,961),('LP002555','IP43489',160,360,77),('LP002556','IP43490',75,360,769),('LP002560','IP43491',96,360,546),('LP002562','IP43492',186,360,504),('LP002571','IP43493',110,360,926),('LP002582','IP43494',225,360,52),('LP002585','IP43495',119,360,976),('LP002586','IP43496',105,84,122),('LP002587','IP43497',107,360,227),('LP002588','IP43498',111,12,761),('LP002600','IP43499',95,360,665),('LP002602','IP43500',209,360,931),('LP002603','IP43501',113,480,261),('LP002606','IP43502',100,360,137),('LP002615','IP43503',208,360,696),('LP002618','IP43504',138,360,197),('LP002619','IP43505',124,300,533),('LP002622','IP43506',243,360,696),('LP002624','IP43507',480,360,601),('LP002625','IP43508',96,360,458),('LP002626','IP43509',188,360,431),('LP002634','IP43510',40,360,834),('LP002637','IP43511',100,360,608),('LP002640','IP43512',250,360,522),('LP002643','IP43513',148,360,111),('LP002648','IP43514',70,180,728),('LP002652','IP43515',311,360,882),('LP002659','IP43516',150,360,512),('LP002670','IP43517',113,480,388),('LP002682','IP43518',123,360,963),('LP002683','IP43519',185,360,563),('LP002684','IP43520',95,360,542),('LP002689','IP43521',45,360,555),('LP002690','IP43522',55,360,400),('LP002692','IP43523',100,360,768),('LP002693','IP43524',480,360,271),('LP002699','IP43526',400,360,818),('LP002705','IP43527',110,360,397),('LP002706','IP43528',161,360,534),('LP002714','IP43529',94,360,773),('LP002716','IP43530',130,360,959),('LP002717','IP43531',216,360,664),('LP002720','IP43532',100,360,276),('LP002723','IP43533',110,360,533),('LP002729','IP43534',196,360,219),('LP002731','IP43535',125,360,832),('LP002732','IP43536',126,360,215),('LP002734','IP43537',324,360,662),('LP002738','IP43538',107,360,624),('LP002739','IP43539',66,360,612),('LP002740','IP43540',157,180,174),('LP002741','IP43541',140,180,188),('LP002743','IP43542',99,360,497),('LP002753','IP43543',95,360,763),('LP002755','IP43544',128,360,393),('LP002757','IP43545',102,360,833),('LP002767','IP43546',155,360,422),('LP002768','IP43547',80,36,878),('LP002772','IP43548',145,360,609),('LP002776','IP43549',103,360,258),('LP002777','IP43550',110,360,376),('LP002785','IP43553',158,360,437),('LP002788','IP43554',181,360,63),('LP002789','IP43555',132,180,867),('LP002792','IP43556',26,360,632),('LP002794','IP43557',84,360,367),('LP002795','IP43558',260,360,720),('LP002798','IP43559',162,360,929),('LP002804','IP43560',182,360,469),('LP002807','IP43561',108,360,656),('LP002813','IP43562',600,360,169),('LP002820','IP43563',211,360,741),('LP002821','IP43564',132,360,70),('LP002832','IP43565',258,360,524),('LP002833','IP43566',120,360,492),('LP002836','IP43567',70,360,713),('LP002837','IP43568',123,360,875),('LP002840','IP43569',9,360,310),('LP002841','IP43570',104,360,271),('LP002842','IP43571',186,360,775),('LP002847','IP43572',165,360,110),('LP002855','IP43573',275,360,286),('LP002862','IP43574',187,480,126),('LP002863','IP43575',150,360,351),('LP002868','IP43576',108,84,982),('LP002872','IP43577',136,360,350),('LP002874','IP43578',110,360,682),('LP002877','IP43579',107,360,804),('LP002888','IP43580',161,360,491),('LP002892','IP43581',205,360,560),('LP002893','IP43582',90,360,92),('LP002894','IP43583',36,360,370),('LP002898','IP43584',61,360,524),('LP002911','IP43585',146,360,371),('LP002912','IP43586',172,84,817),('LP002916','IP43587',104,360,751),('LP002917','IP43588',70,360,588),('LP002925','IP43589',94,360,235),('LP002926','IP43590',106,360,851),('LP002928','IP43591',56,180,73),('LP002931','IP43592',205,240,665),('LP002933','IP43593',292,360,826),('LP002936','IP43594',142,180,704),('LP002938','IP43595',260,360,548),('LP002940','IP43596',110,360,407),('LP002941','IP43597',187,360,257),('LP002943','IP43598',88,360,822),('LP002945','IP43599',180,360,461),('LP002948','IP43600',192,360,556),('LP002949','IP43601',350,180,760),('LP002950','IP43602',155,360,67),('LP002953','IP43603',128,360,465),('LP002958','IP43604',172,360,863),('LP002959','IP43605',496,360,234),('LP002961','IP43607',173,360,201),('LP002964','IP43608',157,360,439),('LP002974','IP43609',108,360,478),('LP002978','IP43610',71,360,982),('LP002979','IP43611',40,180,946),('LP002983','IP43612',253,360,961),('LP002984','IP43613',187,360,121),('LP002990','IP43614',133,360,792);
/*!40000 ALTER TABLE `loan` ENABLE KEYS */;
UNLOCK TABLES;

--
-- Table structure for table `loan1`
--

DROP TABLE IF EXISTS `loan1`;
/*!40101 SET @saved_cs_client     = @@character_set_client */;
/*!50503 SET character_set_client = utf8mb4 */;
CREATE TABLE `loan1` (
  `loan_id` varchar(50) DEFAULT NULL,
  `loan_amt` text,
  `cibil` int DEFAULT NULL,
  `cibil_status` varchar(50) DEFAULT NULL
) ENGINE=InnoDB DEFAULT CHARSET=utf8mb4 COLLATE=utf8mb4_0900_ai_ci;
/*!40101 SET character_set_client = @saved_cs_client */;

--
-- Dumping data for table `loan1`
--

LOCK TABLES `loan1` WRITE;
/*!40000 ALTER TABLE `loan1` DISABLE KEYS */;
INSERT INTO `loan1` VALUES ('LP001003','128',920,'High Cibil Sore'),('LP001005','66',606,'Penalty Customers'),('LP001006','120',851,'No Penalty'),('LP001008','141',420,'Penalty Customers'),('LP001011','267',173,'Penalty Customers'),('LP001013','95',650,'Penalty Customers'),('LP001014','158',471,'Penalty Customers'),('LP001018','168',863,'No Penalty'),('LP001020','349',730,'Penalty Customers'),('LP001024','70',143,'Penalty Customers'),('LP001027','109',384,'Penalty Customers'),('LP001028','200',928,'High Cibil Sore'),('LP001029','114',455,'Penalty Customers'),('LP001030','17',564,'Penalty Customers'),('LP001032','125',477,'Penalty Customers'),('LP001034','100',888,'No Penalty'),('LP001036','76',387,'Penalty Customers'),('LP001038','133',371,'Penalty Customers'),('LP001041','115',537,'Penalty Customers'),('LP001043','104',534,'Penalty Customers'),('LP001046','315',903,'High Cibil Sore'),('LP001047','116',615,'Penalty Customers'),('LP001050','112',593,'Penalty Customers'),('LP001052','151',79,'Penalty Customers'),('LP001066','191',293,'Penalty Customers'),('LP001068','122',999,'High Cibil Sore'),('LP001073','110',781,'No Penalty'),('LP001086','35',521,'Penalty Customers'),('LP001087','120',620,'Penalty Customers'),('LP001091','201',972,'High Cibil Sore'),('LP001095','74',425,'Penalty Customers'),('LP001097','106',420,'Penalty Customers'),('LP001098','114',667,'Penalty Customers'),('LP001100','320',889,'No Penalty'),('LP001109','100',413,'Penalty Customers'),('LP001112','144',139,'Penalty Customers'),('LP001114','184',812,'No Penalty'),('LP001116','110',71,'Penalty Customers'),('LP001119','80',374,'Penalty Customers'),('LP001120','47',472,'Penalty Customers'),('LP001123','75',881,'No Penalty'),('LP001131','134',80,'Penalty Customers'),('LP001136','96',760,'No Penalty'),('LP001137','88',495,'Penalty Customers'),('LP001138','44',197,'Penalty Customers'),('LP001144','144',151,'Penalty Customers'),('LP001146','120',733,'Penalty Customers'),('LP001151','144',187,'Penalty Customers'),('LP001155','100',808,'No Penalty'),('LP001157','120',475,'Penalty Customers'),('LP001164','112',359,'Penalty Customers'),('LP001179','134',716,'Penalty Customers'),('LP001186','286',546,'Penalty Customers'),('LP001194','97',509,'Penalty Customers'),('LP001195','96',160,'Penalty Customers'),('LP001197','135',186,'Penalty Customers'),('LP001198','180',781,'No Penalty'),('LP001199','144',949,'High Cibil Sore'),('LP001205','120',629,'Penalty Customers'),('LP001206','99',803,'No Penalty'),('LP001207','165',889,'No Penalty'),('LP001222','116',924,'High Cibil Sore'),('LP001225','258',261,'Penalty Customers'),('LP001228','126',339,'Penalty Customers'),('LP001233','312',551,'Penalty Customers'),('LP001238','125',227,'Penalty Customers'),('LP001241','136',827,'No Penalty'),('LP001243','172',240,'Penalty Customers'),('LP001245','97',245,'Penalty Customers'),('LP001248','81',252,'Penalty Customers'),('LP001250','95',594,'Penalty Customers'),('LP001253','187',520,'Penalty Customers'),('LP001255','113',74,'Penalty Customers'),('LP001256','176',492,'Penalty Customers'),('LP001259','110',399,'Penalty Customers'),('LP001263','180',342,'Penalty Customers'),('LP001264','130',951,'High Cibil Sore'),('LP001265','111',431,'Penalty Customers'),('LP001267','167',309,'Penalty Customers'),('LP001273','265',393,'Penalty Customers'),('LP001275','50',933,'High Cibil Sore'),('LP001279','136',720,'Penalty Customers'),('LP001280','99',985,'High Cibil Sore'),('LP001282','104',789,'No Penalty'),('LP001289','210',611,'Penalty Customers'),('LP001310','175',429,'Penalty Customers'),('LP001316','131',497,'Penalty Customers'),('LP001318','188',71,'Penalty Customers'),('LP001319','81',225,'Penalty Customers'),('LP001322','122',148,'Penalty Customers'),('LP001325','25',680,'Penalty Customers'),('LP001327','137',558,'Penalty Customers'),('LP001333','50',994,'High Cibil Sore'),('LP001334','115',632,'Penalty Customers'),('LP001343','131',213,'Penalty Customers'),('LP001345','133',759,'No Penalty'),('LP001349','151',263,'Penalty Customers'),('LP001357','160',200,'Penalty Customers'),('LP001367','100',157,'Penalty Customers'),('LP001369','225',636,'Penalty Customers'),('LP001370','120',550,'Penalty Customers'),('LP001379','216',231,'Penalty Customers'),('LP001384','94',336,'Penalty Customers'),('LP001385','136',555,'Penalty Customers'),('LP001387','139',680,'Penalty Customers'),('LP001391','152',140,'Penalty Customers'),('LP001398','118',278,'Penalty Customers'),('LP001401','185',478,'Penalty Customers'),('LP001404','154',919,'High Cibil Sore'),('LP001405','85',570,'Penalty Customers'),('LP001421','175',375,'Penalty Customers'),('LP001422','259',997,'High Cibil Sore'),('LP001426','180',731,'Penalty Customers'),('LP001430','44',483,'Penalty Customers'),('LP001431','137',877,'No Penalty'),('LP001432','81',815,'No Penalty'),('LP001439','194',213,'Penalty Customers'),('LP001443','93',403,'Penalty Customers'),('LP001448','370',249,'Penalty Customers'),('LP001451','160',929,'High Cibil Sore'),('LP001465','182',454,'Penalty Customers'),('LP001469','650',840,'No Penalty'),('LP001473','74',208,'Penalty Customers'),('LP001478','70',353,'Penalty Customers'),('LP001482','25',926,'High Cibil Sore'),('LP001487','102',688,'Penalty Customers'),('LP001488','290',433,'Penalty Customers'),('LP001489','84',113,'Penalty Customers'),('LP001491','88',129,'Penalty Customers'),('LP001492','242',663,'Penalty Customers'),('LP001493','129',684,'Penalty Customers'),('LP001497','185',266,'Penalty Customers'),('LP001498','168',883,'No Penalty'),('LP001504','175',465,'Penalty Customers'),('LP001507','122',291,'Penalty Customers'),('LP001508','187',227,'Penalty Customers'),('LP001514','100',923,'High Cibil Sore'),('LP001516','70',129,'Penalty Customers'),('LP001518','30',142,'Penalty Customers'),('LP001519','225',871,'No Penalty'),('LP001520','125',193,'Penalty Customers'),('LP001528','118',367,'Penalty Customers'),('LP001529','152',888,'No Penalty'),('LP001531','244',484,'Penalty Customers'),('LP001532','113',390,'Penalty Customers'),('LP001535','50',940,'High Cibil Sore'),('LP001536','600',738,'Penalty Customers'),('LP001541','160',164,'Penalty Customers'),('LP001543','187',483,'Penalty Customers'),('LP001546','120',424,'Penalty Customers'),('LP001552','255',934,'High Cibil Sore'),('LP001560','98',805,'No Penalty'),('LP001562','275',538,'Penalty Customers'),('LP001570','158',82,'Penalty Customers'),('LP001572','75',227,'Penalty Customers'),('LP001574','182',471,'Penalty Customers'),('LP001577','112',330,'Penalty Customers'),('LP001578','129',61,'Penalty Customers'),('LP001579','63',780,'No Penalty'),('LP001580','200',576,'Penalty Customers'),('LP001581','95',258,'Penalty Customers'),('LP001585','700',709,'Penalty Customers'),('LP001586','81',662,'Penalty Customers'),('LP001594','187',371,'Penalty Customers'),('LP001603','87',710,'Penalty Customers'),('LP001606','116',606,'Penalty Customers'),('LP001608','101',789,'No Penalty'),('LP001610','495',793,'No Penalty'),('LP001616','116',473,'Penalty Customers'),('LP001630','102',440,'Penalty Customers'),('LP001633','180',283,'Penalty Customers'),('LP001636','73',433,'Penalty Customers'),('LP001637','260',660,'Penalty Customers'),('LP001639','108',395,'Penalty Customers'),('LP001640','120',72,'Penalty Customers'),('LP001641','66',794,'No Penalty'),('LP001643','58',902,'High Cibil Sore'),('LP001644','168',582,'Penalty Customers'),('LP001647','188',264,'Penalty Customers'),('LP001653','48',700,'Penalty Customers'),('LP001656','164',513,'Penalty Customers'),('LP001657','160',153,'Penalty Customers'),('LP001658','76',500,'Penalty Customers'),('LP001664','120',114,'Penalty Customers'),('LP001665','170',932,'High Cibil Sore'),('LP001666','187',537,'Penalty Customers'),('LP001669','120',520,'Penalty Customers'),('LP001671','113',315,'Penalty Customers'),('LP001673','83',507,'Penalty Customers'),('LP001674','90',420,'Penalty Customers'),('LP001677','166',289,'Penalty Customers'),('LP001688','135',947,'High Cibil Sore'),('LP001691','124',642,'Penalty Customers'),('LP001692','120',638,'Penalty Customers'),('LP001693','80',303,'Penalty Customers'),('LP001698','55',816,'No Penalty'),('LP001699','59',873,'No Penalty'),('LP001702','127',80,'Penalty Customers'),('LP001708','214',814,'No Penalty'),('LP001711','128',981,'High Cibil Sore'),('LP001713','240',728,'Penalty Customers'),('LP001715','130',738,'Penalty Customers'),('LP001716','137',145,'Penalty Customers'),('LP001720','100',753,'No Penalty'),('LP001722','135',249,'Penalty Customers'),('LP001726','131',237,'Penalty Customers'),('LP001732','72',854,'No Penalty'),('LP001734','127',751,'No Penalty'),('LP001736','60',897,'No Penalty'),('LP001743','116',805,'No Penalty'),('LP001744','144',637,'Penalty Customers'),('LP001749','175',56,'Penalty Customers'),('LP001750','128',312,'Penalty Customers'),('LP001751','170',931,'High Cibil Sore'),('LP001754','138',662,'Penalty Customers'),('LP001758','210',63,'Penalty Customers'),('LP001760','158',108,'Penalty Customers'),('LP001761','200',982,'High Cibil Sore'),('LP001768','42',414,'Penalty Customers'),('LP001770','120',575,'Penalty Customers'),('LP001776','280',667,'Penalty Customers'),('LP001778','140',171,'Penalty Customers'),('LP001784','170',819,'No Penalty'),('LP001786','255',392,'Penalty Customers'),('LP001788','122',129,'Penalty Customers'),('LP001790','112',886,'No Penalty'),('LP001792','96',808,'No Penalty'),('LP001798','120',668,'Penalty Customers'),('LP001800','140',783,'No Penalty'),('LP001806','155',886,'No Penalty'),('LP001807','108',659,'Penalty Customers'),('LP001811','123',925,'High Cibil Sore'),('LP001813','120',366,'Penalty Customers'),('LP001814','112',871,'No Penalty'),('LP001819','137',492,'Penalty Customers'),('LP001824','123',472,'Penalty Customers'),('LP001825','90',216,'Penalty Customers'),('LP001835','201',310,'Penalty Customers'),('LP001836','138',982,'High Cibil Sore'),('LP001841','104',91,'Penalty Customers'),('LP001843','279',952,'High Cibil Sore'),('LP001844','192',793,'No Penalty'),('LP001846','255',309,'Penalty Customers'),('LP001849','115',980,'High Cibil Sore'),('LP001854','94',425,'Penalty Customers'),('LP001859','304',243,'Penalty Customers'),('LP001864','128',618,'Penalty Customers'),('LP001865','330',291,'Penalty Customers'),('LP001868','134',418,'Penalty Customers'),('LP001870','155',245,'Penalty Customers'),('LP001871','120',475,'Penalty Customers'),('LP001872','128',583,'Penalty Customers'),('LP001875','151',387,'Penalty Customers'),('LP001877','150',292,'Penalty Customers'),('LP001882','160',56,'Penalty Customers'),('LP001883','135',732,'Penalty Customers'),('LP001884','90',70,'Penalty Customers'),('LP001888','30',438,'Penalty Customers'),('LP001891','136',568,'Penalty Customers'),('LP001892','126',166,'Penalty Customers'),('LP001894','150',952,'High Cibil Sore'),('LP001896','90',763,'No Penalty'),('LP001900','115',999,'High Cibil Sore'),('LP001903','207',468,'Penalty Customers'),('LP001904','80',201,'Penalty Customers'),('LP001907','436',398,'Penalty Customers'),('LP001908','124',320,'Penalty Customers'),('LP001910','158',932,'High Cibil Sore'),('LP001914','112',641,'Penalty Customers'),('LP001915','78',818,'No Penalty'),('LP001917','54',592,'Penalty Customers'),('LP001924','89',760,'No Penalty'),('LP001925','99',497,'Penalty Customers'),('LP001926','120',55,'Penalty Customers'),('LP001931','115',447,'Penalty Customers'),('LP001935','187',718,'Penalty Customers'),('LP001936','139',560,'Penalty Customers'),('LP001938','127',574,'Penalty Customers'),('LP001940','134',172,'Penalty Customers'),('LP001945','143',231,'Penalty Customers'),('LP001947','172',152,'Penalty Customers'),('LP001949','110',702,'Penalty Customers'),('LP001953','200',703,'Penalty Customers'),('LP001954','135',650,'Penalty Customers'),('LP001955','151',587,'Penalty Customers'),('LP001963','113',642,'Penalty Customers'),('LP001964','93',918,'High Cibil Sore'),('LP001972','105',405,'Penalty Customers'),('LP001974','132',359,'Penalty Customers'),('LP001977','96',53,'Penalty Customers'),('LP001978','140',98,'Penalty Customers'),('LP001993','135',268,'Penalty Customers'),('LP001994','104',147,'Penalty Customers'),('LP001996','480',362,'Penalty Customers'),('LP001998','185',361,'Penalty Customers'),('LP002002','84',622,'Penalty Customers'),('LP002004','111',116,'Penalty Customers'),('LP002006','56',958,'High Cibil Sore'),('LP002008','144',555,'Penalty Customers'),('LP002024','159',713,'Penalty Customers'),('LP002031','111',56,'Penalty Customers'),('LP002035','120',930,'High Cibil Sore'),('LP002036','88',126,'Penalty Customers'),('LP002043','112',697,'Penalty Customers'),('LP002050','155',285,'Penalty Customers'),('LP002051','115',654,'Penalty Customers'),('LP002053','124',953,'High Cibil Sore'),('LP002055','132',381,'Penalty Customers'),('LP002065','300',819,'No Penalty'),('LP002067','376',373,'Penalty Customers'),('LP002068','130',324,'Penalty Customers'),('LP002082','184',900,'No Penalty'),('LP002086','110',503,'Penalty Customers'),('LP002087','67',524,'Penalty Customers'),('LP002097','117',139,'Penalty Customers'),('LP002098','98',317,'Penalty Customers'),('LP002100','71',868,'No Penalty'),('LP002101','490',555,'Penalty Customers'),('LP002103','182',440,'Penalty Customers'),('LP002106','70',401,'Penalty Customers'),('LP002110','160',389,'Penalty Customers'),('LP002112','176',979,'High Cibil Sore'),('LP002114','71',895,'No Penalty'),('LP002115','173',365,'Penalty Customers'),('LP002116','46',258,'Penalty Customers'),('LP002119','158',735,'Penalty Customers'),('LP002126','74',90,'Penalty Customers'),('LP002128','125',453,'Penalty Customers'),('LP002129','160',840,'No Penalty'),('LP002130','152',319,'Penalty Customers'),('LP002131','126',294,'Penalty Customers'),('LP002137','259',634,'Penalty Customers'),('LP002138','187',544,'Penalty Customers'),('LP002139','228',655,'Penalty Customers'),('LP002140','308',308,'Penalty Customers'),('LP002141','95',102,'Penalty Customers'),('LP002142','105',878,'No Penalty'),('LP002143','130',861,'No Penalty'),('LP002144','116',766,'No Penalty'),('LP002149','165',951,'High Cibil Sore'),('LP002151','67',799,'No Penalty'),('LP002158','100',397,'Penalty Customers'),('LP002160','200',253,'Penalty Customers'),('LP002161','81',148,'Penalty Customers'),('LP002170','236',675,'Penalty Customers'),('LP002175','130',978,'High Cibil Sore'),('LP002178','95',161,'Penalty Customers'),('LP002180','141',234,'Penalty Customers'),('LP002181','133',869,'No Penalty'),('LP002187','96',701,'Penalty Customers'),('LP002188','124',98,'Penalty Customers'),('LP002190','175',435,'Penalty Customers'),('LP002191','570',323,'Penalty Customers'),('LP002194','55',331,'Penalty Customers'),('LP002197','155',736,'Penalty Customers'),('LP002201','380',831,'No Penalty'),('LP002205','111',699,'Penalty Customers'),('LP002209','110',697,'Penalty Customers'),('LP002211','120',846,'No Penalty'),('LP002219','130',158,'Penalty Customers'),('LP002223','130',908,'High Cibil Sore'),('LP002224','71',317,'Penalty Customers'),('LP002225','130',203,'Penalty Customers'),('LP002226','128',887,'No Penalty'),('LP002229','296',673,'Penalty Customers'),('LP002231','156',443,'Penalty Customers'),('LP002234','128',828,'No Penalty'),('LP002236','100',562,'Penalty Customers'),('LP002237','113',52,'Penalty Customers'),('LP002239','132',337,'Penalty Customers'),('LP002244','136',884,'No Penalty'),('LP002250','125',320,'Penalty Customers'),('LP002255','185',897,'No Penalty'),('LP002262','275',882,'No Penalty'),('LP002263','120',946,'High Cibil Sore'),('LP002265','113',733,'Penalty Customers'),('LP002266','113',213,'Penalty Customers'),('LP002272','135',507,'Penalty Customers'),('LP002277','71',403,'Penalty Customers'),('LP002281','95',478,'Penalty Customers'),('LP002284','109',216,'Penalty Customers'),('LP002287','103',459,'Penalty Customers'),('LP002288','45',826,'No Penalty'),('LP002296','65',971,'High Cibil Sore'),('LP002297','103',806,'No Penalty'),('LP002300','53',775,'No Penalty'),('LP002301','194',99,'Penalty Customers'),('LP002305','115',283,'Penalty Customers'),('LP002308','115',784,'No Penalty'),('LP002314','66',822,'No Penalty'),('LP002315','152',143,'Penalty Customers'),('LP002317','360',484,'Penalty Customers'),('LP002318','62',779,'No Penalty'),('LP002319','160',842,'No Penalty'),('LP002328','218',725,'Penalty Customers'),('LP002332','110',607,'Penalty Customers'),('LP002335','178',685,'Penalty Customers'),('LP002337','60',834,'No Penalty'),('LP002341','160',260,'Penalty Customers'),('LP002342','239',108,'Penalty Customers'),('LP002345','112',229,'Penalty Customers'),('LP002347','138',718,'Penalty Customers'),('LP002348','138',632,'Penalty Customers'),('LP002357','80',447,'Penalty Customers'),('LP002361','100',190,'Penalty Customers'),('LP002362','110',285,'Penalty Customers'),('LP002364','96',576,'Penalty Customers'),('LP002366','121',555,'Penalty Customers'),('LP002367','81',74,'Penalty Customers'),('LP002368','133',559,'Penalty Customers'),('LP002369','87',625,'Penalty Customers'),('LP002370','60',889,'No Penalty'),('LP002377','150',866,'No Penalty'),('LP002379','105',61,'Penalty Customers'),('LP002386','405',642,'Penalty Customers'),('LP002387','143',953,'High Cibil Sore'),('LP002390','100',539,'Penalty Customers'),('LP002398','50',961,'High Cibil Sore'),('LP002403','187',272,'Penalty Customers'),('LP002407','138',865,'No Penalty'),('LP002409','180',631,'Penalty Customers'),('LP002418','148',130,'Penalty Customers'),('LP002422','152',730,'Penalty Customers'),('LP002424','175',807,'No Penalty'),('LP002429','130',127,'Penalty Customers'),('LP002434','110',460,'Penalty Customers'),('LP002435','55',837,'No Penalty'),('LP002443','150',486,'Penalty Customers'),('LP002444','190',379,'Penalty Customers'),('LP002446','125',205,'Penalty Customers'),('LP002447','60',802,'No Penalty'),('LP002448','149',252,'Penalty Customers'),('LP002449','90',903,'High Cibil Sore'),('LP002453','84',100,'Penalty Customers'),('LP002455','96',928,'High Cibil Sore'),('LP002459','118',231,'Penalty Customers'),('LP002467','173',918,'High Cibil Sore'),('LP002472','136',662,'Penalty Customers'),('LP002473','160',465,'Penalty Customers'),('LP002478','160',965,'High Cibil Sore'),('LP002484','128',568,'Penalty Customers'),('LP002487','153',698,'Penalty Customers'),('LP002489','132',214,'Penalty Customers'),('LP002493','98',978,'High Cibil Sore'),('LP002494','140',403,'Penalty Customers'),('LP002500','70',292,'Penalty Customers'),('LP002501','110',671,'Penalty Customers'),('LP002502','98',71,'Penalty Customers'),('LP002505','110',167,'Penalty Customers'),('LP002515','162',970,'High Cibil Sore'),('LP002517','113',650,'Penalty Customers'),('LP002519','100',649,'Penalty Customers'),('LP002522','93',104,'Penalty Customers'),('LP002524','162',567,'Penalty Customers'),('LP002527','150',984,'High Cibil Sore'),('LP002529','230',175,'Penalty Customers'),('LP002530','132',431,'Penalty Customers'),('LP002531','86',416,'Penalty Customers'),('LP002534','154',981,'High Cibil Sore'),('LP002536','113',950,'High Cibil Sore'),('LP002537','128',226,'Penalty Customers'),('LP002541','234',74,'Penalty Customers'),('LP002543','246',551,'Penalty Customers'),('LP002544','131',547,'Penalty Customers'),('LP002545','80',619,'Penalty Customers'),('LP002547','500',961,'High Cibil Sore'),('LP002555','160',77,'Penalty Customers'),('LP002556','75',769,'No Penalty'),('LP002560','96',546,'Penalty Customers'),('LP002562','186',504,'Penalty Customers'),('LP002571','110',926,'High Cibil Sore'),('LP002582','225',52,'Penalty Customers'),('LP002585','119',976,'High Cibil Sore'),('LP002586','105',122,'Penalty Customers'),('LP002587','107',227,'Penalty Customers'),('LP002588','111',761,'No Penalty'),('LP002600','95',665,'Penalty Customers'),('LP002602','209',931,'High Cibil Sore'),('LP002603','113',261,'Penalty Customers'),('LP002606','100',137,'Penalty Customers'),('LP002615','208',696,'Penalty Customers'),('LP002618','138',197,'Penalty Customers'),('LP002619','124',533,'Penalty Customers'),('LP002622','243',696,'Penalty Customers'),('LP002624','480',601,'Penalty Customers'),('LP002625','96',458,'Penalty Customers'),('LP002626','188',431,'Penalty Customers'),('LP002634','40',834,'No Penalty'),('LP002637','100',608,'Penalty Customers'),('LP002640','250',522,'Penalty Customers'),('LP002643','148',111,'Penalty Customers'),('LP002648','70',728,'Penalty Customers'),('LP002652','311',882,'No Penalty'),('LP002659','150',512,'Penalty Customers'),('LP002670','113',388,'Penalty Customers'),('LP002682','123',963,'High Cibil Sore'),('LP002683','185',563,'Penalty Customers'),('LP002684','95',542,'Penalty Customers'),('LP002689','45',555,'Penalty Customers'),('LP002690','55',400,'Penalty Customers'),('LP002692','100',768,'No Penalty'),('LP002693','480',271,'Penalty Customers'),('LP002699','400',818,'No Penalty'),('LP002705','110',397,'Penalty Customers'),('LP002706','161',534,'Penalty Customers'),('LP002714','94',773,'No Penalty'),('LP002716','130',959,'High Cibil Sore'),('LP002717','216',664,'Penalty Customers'),('LP002720','100',276,'Penalty Customers'),('LP002723','110',533,'Penalty Customers'),('LP002729','196',219,'Penalty Customers'),('LP002731','125',832,'No Penalty'),('LP002732','126',215,'Penalty Customers'),('LP002734','324',662,'Penalty Customers'),('LP002738','107',624,'Penalty Customers'),('LP002739','66',612,'Penalty Customers'),('LP002740','157',174,'Penalty Customers'),('LP002741','140',188,'Penalty Customers'),('LP002743','99',497,'Penalty Customers'),('LP002753','95',763,'No Penalty'),('LP002755','128',393,'Penalty Customers'),('LP002757','102',833,'No Penalty'),('LP002767','155',422,'Penalty Customers'),('LP002768','80',878,'No Penalty'),('LP002772','145',609,'Penalty Customers'),('LP002776','103',258,'Penalty Customers'),('LP002777','110',376,'Penalty Customers'),('LP002785','158',437,'Penalty Customers'),('LP002788','181',63,'Penalty Customers'),('LP002789','132',867,'No Penalty'),('LP002792','26',632,'Penalty Customers'),('LP002794','84',367,'Penalty Customers'),('LP002795','260',720,'Penalty Customers'),('LP002798','162',929,'High Cibil Sore'),('LP002804','182',469,'Penalty Customers'),('LP002807','108',656,'Penalty Customers'),('LP002813','600',169,'Penalty Customers'),('LP002820','211',741,'Penalty Customers'),('LP002821','132',70,'Penalty Customers'),('LP002832','258',524,'Penalty Customers'),('LP002833','120',492,'Penalty Customers'),('LP002836','70',713,'Penalty Customers'),('LP002837','123',875,'No Penalty'),('LP002840','9',310,'Penalty Customers'),('LP002841','104',271,'Penalty Customers'),('LP002842','186',775,'No Penalty'),('LP002847','165',110,'Penalty Customers'),('LP002855','275',286,'Penalty Customers'),('LP002862','187',126,'Penalty Customers'),('LP002863','150',351,'Penalty Customers'),('LP002868','108',982,'High Cibil Sore'),('LP002872','136',350,'Penalty Customers'),('LP002874','110',682,'Penalty Customers'),('LP002877','107',804,'No Penalty'),('LP002888','161',491,'Penalty Customers'),('LP002892','205',560,'Penalty Customers'),('LP002893','90',92,'Penalty Customers'),('LP002894','36',370,'Penalty Customers'),('LP002898','61',524,'Penalty Customers'),('LP002911','146',371,'Penalty Customers'),('LP002912','172',817,'No Penalty'),('LP002916','104',751,'No Penalty'),('LP002917','70',588,'Penalty Customers'),('LP002925','94',235,'Penalty Customers'),('LP002926','106',851,'No Penalty'),('LP002928','56',73,'Penalty Customers'),('LP002931','205',665,'Penalty Customers'),('LP002933','292',826,'No Penalty'),('LP002936','142',704,'Penalty Customers'),('LP002938','260',548,'Penalty Customers'),('LP002940','110',407,'Penalty Customers'),('LP002941','187',257,'Penalty Customers'),('LP002943','88',822,'No Penalty'),('LP002945','180',461,'Penalty Customers'),('LP002948','192',556,'Penalty Customers'),('LP002949','350',760,'No Penalty'),('LP002950','155',67,'Penalty Customers'),('LP002953','128',465,'Penalty Customers'),('LP002958','172',863,'No Penalty'),('LP002959','496',234,'Penalty Customers'),('LP002961','173',201,'Penalty Customers'),('LP002964','157',439,'Penalty Customers'),('LP002974','108',478,'Penalty Customers'),('LP002978','71',982,'High Cibil Sore'),('LP002979','40',946,'High Cibil Sore'),('LP002983','253',961,'High Cibil Sore'),('LP002984','187',121,'Penalty Customers'),('LP002990','133',792,'No Penalty');
/*!40000 ALTER TABLE `loan1` ENABLE KEYS */;
UNLOCK TABLES;

--
-- Table structure for table `region_info`
--

DROP TABLE IF EXISTS `region_info`;
/*!40101 SET @saved_cs_client     = @@character_set_client */;
/*!50503 SET character_set_client = utf8mb4 */;
CREATE TABLE `region_info` (
  `Region` text,
  `Region_Id` double DEFAULT NULL
) ENGINE=InnoDB DEFAULT CHARSET=utf8mb4 COLLATE=utf8mb4_0900_ai_ci;
/*!40101 SET character_set_client = @saved_cs_client */;

--
-- Dumping data for table `region_info`
--

LOCK TABLES `region_info` WRITE;
/*!40000 ALTER TABLE `region_info` DISABLE KEYS */;
INSERT INTO `region_info` VALUES ('South',13.1),('West',13.2),('North',13.3),('East',13.4);
/*!40000 ALTER TABLE `region_info` ENABLE KEYS */;
UNLOCK TABLES;
/*!40103 SET TIME_ZONE=@OLD_TIME_ZONE */;

/*!40101 SET SQL_MODE=@OLD_SQL_MODE */;
/*!40014 SET FOREIGN_KEY_CHECKS=@OLD_FOREIGN_KEY_CHECKS */;
/*!40014 SET UNIQUE_CHECKS=@OLD_UNIQUE_CHECKS */;
/*!40101 SET CHARACTER_SET_CLIENT=@OLD_CHARACTER_SET_CLIENT */;
/*!40101 SET CHARACTER_SET_RESULTS=@OLD_CHARACTER_SET_RESULTS */;
/*!40101 SET COLLATION_CONNECTION=@OLD_COLLATION_CONNECTION */;
/*!40111 SET SQL_NOTES=@OLD_SQL_NOTES */;

-- Dump completed on 2024-10-24 10:37:21
